x1,x2,y,预测y
0.0,0.0,0.0,-38.270480550825596
0.0,1.0,1.0,-32.063642010092735
0.0,2.0,4.0,-24.47379904985428
0.0,3.0,9.0,-15.461614102125168
0.0,4.0,16.0,-4.991076923906803
0.0,5.0,25.0,6.973107174038887
0.0,6.0,36.0,20.46608977019787
0.0,7.0,49.0,35.51876489818096
0.0,8.0,64.0,52.16481725126505
0.0,9.0,81.0,70.43403175473213
0.0,10.0,100.0,90.35758866369724
0.0,11.0,121.0,111.96573801338673
0.0,12.0,144.0,135.28756706416607
0.0,13.0,169.0,160.3516979664564
0.0,14.0,196.0,187.18753997981548
0.0,15.0,225.0,215.82335747778416
0.0,16.0,256.0,246.28745061159134
0.0,17.0,289.0,278.60625909268856
0.0,18.0,324.0,312.80729596316814
0.0,19.0,361.0,348.9178953766823
0.0,20.0,400.0,386.96277971565723
0.0,21.0,441.0,426.9664566963911
0.0,22.0,484.0,468.9525038152933
0.0,23.0,529.0,512.9423161298037
0.0,24.0,576.0,558.9561438113451
0.0,25.0,625.0,607.0114105939865
0.0,26.0,676.0,657.1230715513229
0.0,27.0,729.0,709.3038277626038
0.0,28.0,784.0,763.5622658729553
0.0,29.0,841.0,819.9038240909576
0.0,30.0,900.0,878.3305059671402
0.0,31.0,961.0,938.8385906219482
0.0,32.0,1024.0,1001.4210656285286
0.0,33.0,1089.0,1066.0659096837044
0.0,34.0,1156.0,1132.7558063864708
0.0,35.0,1225.0,1201.4675717949867
0.0,36.0,1296.0,1272.1741579771042
0.0,37.0,1369.0,1344.8420770168304
0.0,38.0,1444.0,1419.434120118618
0.0,39.0,1521.0,1495.907067835331
0.0,40.0,1600.0,1574.213264286518
0.0,41.0,1681.0,1654.3011896014214
0.0,42.0,1764.0,1736.115603029728
0.0,43.0,1849.0,1819.5963980555534
0.0,44.0,1936.0,1904.6848992705345
0.0,45.0,2025.0,1991.315848171711
0.0,46.0,2116.0,2079.4258466959
0.0,47.0,2209.0,2168.9502087831497
0.0,48.0,2304.0,2259.8259657025337
0.0,49.0,2401.0,2351.9875727295876
1.0,0.0,1.0,-33.12724111974239
1.0,1.0,2.0,-27.17190183699131
1.0,2.0,5.0,-19.82765481621027
1.0,3.0,10.0,-11.054500602185726
1.0,4.0,17.0,-0.815695509314537
1.0,5.0,26.0,10.926488034427166
1.0,6.0,37.0,24.207130052149296
1.0,7.0,50.0,39.059968903660774
1.0,8.0,65.0,55.518027395009995
1.0,9.0,82.0,73.61312977969646
1.0,10.0,101.0,93.37758331000805
1.0,11.0,122.0,114.84133391082287
1.0,12.0,145.0,138.0348283946514
1.0,13.0,170.0,162.98783379793167
1.0,14.0,197.0,189.72990249097347
1.0,15.0,226.0,218.28901262581348
1.0,16.0,257.0,248.69421568512917
1.0,17.0,290.0,280.97331093251705
1.0,18.0,325.0,315.1528811901808
1.0,19.0,362.0,351.2596523910761
1.0,20.0,401.0,389.3189551383257
1.0,21.0,442.0,429.35454581677914
1.0,22.0,485.0,471.39068169891834
1.0,23.0,530.0,515.4471120685339
1.0,24.0,577.0,561.543085321784
1.0,25.0,626.0,609.6958820819855
1.0,26.0,677.0,659.9190263152122
1.0,27.0,730.0,712.2245751023293
1.0,28.0,785.0,766.6198270916939
1.0,29.0,842.0,823.1085031628609
1.0,30.0,901.0,881.6908895373344
1.0,31.0,962.0,942.3625497817993
1.0,32.0,1025.0,1005.1144679188728
1.0,33.0,1090.0,1069.9324759840965
1.0,34.0,1157.0,1136.798542022705
1.0,35.0,1226.0,1205.6873354315758
1.0,36.0,1297.0,1276.5710927248
1.0,37.0,1370.0,1349.4140362143517
1.0,38.0,1445.0,1424.1785277724266
1.0,39.0,1522.0,1500.8192012906075
1.0,40.0,1601.0,1579.2886871099472
1.0,41.0,1682.0,1659.5350360274315
1.0,42.0,1765.0,1741.5020055174828
1.0,43.0,1850.0,1825.1310632824898
1.0,44.0,1937.0,1910.363247692585
1.0,45.0,2026.0,1997.1338726878166
1.0,46.0,2117.0,2085.382259309292
1.0,47.0,2210.0,2175.0442939400673
1.0,48.0,2305.0,2266.0581527352333
1.0,49.0,2402.0,2358.3634429574013
2.0,0.0,4.0,-26.462036728858948
2.0,1.0,5.0,-20.75168516486883
2.0,2.0,8.0,-13.646880321204662
2.0,3.0,13.0,-5.107873186469078
2.0,4.0,20.0,4.90506736189127
2.0,5.0,29.0,16.430384449660778
2.0,6.0,40.0,29.503927320241928
2.0,7.0,53.0,44.16081177443266
2.0,8.0,68.0,60.435616947710514
2.0,9.0,85.0,78.36118675768375
2.0,10.0,104.0,97.97000734508038
2.0,11.0,125.0,119.29358096420765
2.0,12.0,148.0,142.3623902052641
2.0,13.0,173.0,167.20777632296085
2.0,14.0,200.0,193.85821835696697
2.0,15.0,229.0,222.3436980098486
2.0,16.0,260.0,252.6927658766508
2.0,17.0,293.0,284.9335432201624
2.0,18.0,328.0,319.092612862587
2.0,19.0,365.0,355.1964502930641
2.0,20.0,404.0,393.2707438915968
2.0,21.0,445.0,433.33831982314587
2.0,22.0,488.0,475.42232625186443
2.0,23.0,533.0,519.5436573475599
2.0,24.0,580.0,565.7189139574766
2.0,25.0,629.0,613.9653051495552
2.0,26.0,680.0,664.295353114605
2.0,27.0,733.0,716.7192544937134
2.0,28.0,788.0,771.2437354922295
2.0,29.0,845.0,827.8705134391785
2.0,30.0,904.0,886.5988727807999
2.0,31.0,965.0,947.422516644001
2.0,32.0,1028.0,1010.3308548331261
2.0,33.0,1093.0,1075.3082882761955
2.0,34.0,1160.0,1142.3347814679146
2.0,35.0,1229.0,1211.3840020298958
2.0,36.0,1300.0,1282.425896704197
2.0,37.0,1373.0,1355.4246878027916
2.0,38.0,1448.0,1430.3405905365944
2.0,39.0,1525.0,1507.1279525756836
2.0,40.0,1604.0,1585.739118039608
2.0,41.0,1685.0,1666.1211359500885
2.0,42.0,1768.0,1748.2173344492912
2.0,43.0,1853.0,1831.9710416793823
2.0,44.0,1940.0,1917.3222942352295
2.0,45.0,2029.0,2004.2106993794441
2.0,46.0,2120.0,2092.573717713356
2.0,47.0,2213.0,2182.351528942585
2.0,48.0,2308.0,2273.4838834404945
2.0,49.0,2405.0,2365.9122489094734
3.0,0.0,9.0,-18.24136157333851
3.0,1.0,10.0,-12.768716968595982
3.0,2.0,13.0,-5.89777298271656
3.0,3.0,18.0,2.4142068326473236
3.0,4.0,25.0,12.206882044672966
3.0,5.0,34.0,23.52094977349043
3.0,6.0,45.0,36.39247392863035
3.0,7.0,58.0,50.85950408130884
3.0,8.0,73.0,66.95590381324291
3.0,9.0,90.0,84.71662792563438
3.0,10.0,109.0,104.17471711337566
3.0,11.0,130.0,125.36222818493843
3.0,12.0,153.0,148.310717061162
3.0,13.0,178.0,173.05159655213356
3.0,14.0,205.0,199.6145979166031
3.0,15.0,234.0,228.02977441251278
3.0,16.0,265.0,258.3258197456598
3.0,17.0,298.0,290.5301754027605
3.0,18.0,333.0,324.6705690920353
3.0,19.0,370.0,360.77322585880756
3.0,20.0,409.0,398.8625103086233
3.0,21.0,450.0,438.9625723809004
3.0,22.0,493.0,481.094020023942
3.0,23.0,538.0,525.2775327414274
3.0,24.0,585.0,571.5299260467291
3.0,25.0,634.0,619.8666201233864
3.0,26.0,685.0,670.2989922761917
3.0,27.0,738.0,722.8359511494637
3.0,28.0,793.0,777.4822193980217
3.0,29.0,850.0,834.239371240139
3.0,30.0,909.0,893.1038289070129
3.0,31.0,970.0,954.0684368610382
3.0,32.0,1033.0,1017.1208875775337
3.0,33.0,1098.0,1082.2437215447426
3.0,34.0,1165.0,1149.4153290390968
3.0,35.0,1234.0,1218.6085190176964
3.0,36.0,1305.0,1289.7909484505653
3.0,37.0,1378.0,1362.9266965389252
3.0,38.0,1453.0,1437.973831832409
3.0,39.0,1530.0,1514.8878468871117
3.0,40.0,1609.0,1593.6183667182922
3.0,41.0,1690.0,1674.1134421229362
3.0,42.0,1773.0,1756.3174030184746
3.0,43.0,1858.0,1840.1734344363213
3.0,44.0,1945.0,1925.6218591928482
3.0,45.0,2034.0,2012.6055760979652
3.0,46.0,2125.0,2101.0623319745064
3.0,47.0,2218.0,2190.9347394108772
3.0,48.0,2313.0,2282.1652678847313
3.0,49.0,2410.0,2374.700393974781
4.0,0.0,16.0,-8.434035398066044
4.0,1.0,17.0,-3.191333994269371
4.0,2.0,20.0,3.453602336347103
4.0,3.0,25.0,11.544493928551674
4.0,4.0,32.0,21.123934119939804
4.0,5.0,41.0,32.23287047445774
4.0,6.0,52.0,44.909263119101524
4.0,7.0,65.0,59.191125847399235
4.0,8.0,80.0,75.11547067761421
4.0,9.0,97.0,92.71655474603176
4.0,10.0,116.0,112.02884985506535
4.0,11.0,137.0,133.08509258925915
4.0,12.0,160.0,155.9183415323496
4.0,13.0,185.0,180.55943705141544
4.0,14.0,212.0,207.03900484740734
4.0,15.0,241.0,235.38763484358788
4.0,16.0,272.0,265.6334125250578
4.0,17.0,305.0,297.80524626374245
4.0,18.0,340.0,331.9293253272772
4.0,19.0,377.0,368.03226831555367
4.0,20.0,416.0,406.138618722558
4.0,21.0,457.0,446.2708807140589
4.0,22.0,500.0,488.4496264606714
4.0,23.0,545.0,532.6948199123144
4.0,24.0,592.0,579.0220601409674
4.0,25.0,641.0,627.4454793334007
4.0,26.0,692.0,677.9755961298943
4.0,27.0,745.0,730.6197449564934
4.0,28.0,800.0,785.3822191357613
4.0,29.0,857.0,842.2607288956642
4.0,30.0,916.0,901.252268910408
4.0,31.0,977.0,962.3471076488495
4.0,32.0,1040.0,1025.5317927002907
4.0,33.0,1105.0,1090.786574780941
4.0,34.0,1172.0,1158.089271724224
4.0,35.0,1241.0,1227.410259604454
4.0,36.0,1312.0,1298.7166229486465
4.0,37.0,1385.0,1371.9702942967415
4.0,38.0,1460.0,1447.1306301951408
4.0,39.0,1537.0,1524.1499747633934
4.0,40.0,1616.0,1602.9798134565353
4.0,41.0,1697.0,1683.5676246285439
4.0,42.0,1780.0,1765.8574519753456
4.0,43.0,1865.0,1849.7946271896362
4.0,44.0,1952.0,1935.3204748630524
4.0,45.0,2041.0,2022.3771782517433
4.0,46.0,2132.0,2110.908924162388
4.0,47.0,2225.0,2200.8568940758705
4.0,48.0,2320.0,2292.1684232354164
4.0,49.0,2417.0,2384.791419327259
5.0,0.0,25.0,2.992302715778351
5.0,1.0,26.0,8.01257423311472
5.0,2.0,29.0,14.438551113009453
5.0,3.0,34.0,22.316458128392696
5.0,4.0,41.0,31.689729392528534
5.0,5.0,50.0,42.6002426892519
5.0,6.0,61.0,55.08826580643654
5.0,7.0,74.0,69.19215242564678
5.0,8.0,89.0,84.9500415623188
5.0,9.0,106.0,102.39774668216705
5.0,10.0,125.0,121.56975747644901
5.0,11.0,146.0,142.50042052567005
5.0,12.0,169.0,165.22333107888699
5.0,13.0,194.0,189.7693295031786
5.0,14.0,221.0,216.1706514954567
5.0,15.0,250.0,244.45638431608677
5.0,16.0,281.0,274.6564381122589
5.0,17.0,314.0,306.7984332591295
5.0,18.0,349.0,340.9098112434149
5.0,19.0,386.0,377.0155091136694
5.0,20.0,425.0,415.1394979208708
5.0,21.0,466.0,455.3050331622362
5.0,22.0,509.0,497.531506344676
5.0,23.0,554.0,541.8370209783316
5.0,24.0,601.0,588.2376054674387
5.0,25.0,650.0,636.744959115982
5.0,26.0,701.0,687.3692427873611
5.0,27.0,754.0,740.1151433587074
5.0,28.0,809.0,794.9863817095757
5.0,29.0,866.0,851.9796662926674
5.0,30.0,925.0,911.0892726778984
5.0,31.0,986.0,972.3038951158524
5.0,32.0,1049.0,1035.6087931990623
5.0,33.0,1114.0,1100.983072757721
5.0,34.0,1181.0,1168.402118742466
5.0,35.0,1250.0,1237.8348761200905
5.0,36.0,1321.0,1309.2491449713707
5.0,37.0,1394.0,1382.6037093997002
5.0,38.0,1469.0,1457.858069062233
5.0,39.0,1546.0,1534.964568078518
5.0,40.0,1625.0,1613.8741194605827
5.0,41.0,1706.0,1694.5340584516525
5.0,42.0,1789.0,1776.891290962696
5.0,43.0,1874.0,1860.8888589143753
5.0,44.0,1961.0,1946.47238022089
5.0,45.0,2050.0,2033.5841812491417
5.0,46.0,2141.0,2122.1714541316032
5.0,47.0,2234.0,2212.1786718964577
5.0,48.0,2329.0,2303.554600894451
5.0,49.0,2426.0,2396.251155912876
6.0,0.0,36.0,16.06756291538477
6.0,1.0,37.0,20.873883858323097
6.0,2.0,40.0,27.089666821062565
6.0,3.0,45.0,34.762353017926216
6.0,4.0,52.0,43.9366824477911
6.0,5.0,61.0,54.6567689999938
6.0,6.0,72.0,66.96270157396793
6.0,7.0,85.0,80.89596439898014
6.0,8.0,100.0,96.49410615861416
6.0,9.0,117.0,113.79412098228931
6.0,10.0,136.0,132.83271677792072
6.0,11.0,157.0,153.64452634751797
6.0,12.0,180.0,176.26232205331326
6.0,13.0,205.0,200.71909092366695
6.0,14.0,232.0,227.04624576866627
6.0,15.0,261.0,255.27473428845406
6.0,16.0,292.0,285.43299974501133
6.0,17.0,325.0,317.54887717962265
6.0,18.0,360.0,351.65016585588455
6.0,19.0,397.0,387.76140926778316
6.0,20.0,436.0,425.9057913571596
6.0,21.0,477.0,466.1058162897825
6.0,22.0,520.0,508.37994535267353
6.0,23.0,565.0,552.7456380575895
6.0,24.0,612.0,599.2175632566214
6.0,25.0,661.0,647.806561589241
6.0,26.0,712.0,698.5202894806862
6.0,27.0,765.0,751.3642209172249
6.0,28.0,820.0,806.3383558988571
6.0,29.0,877.0,863.4384011030197
6.0,30.0,936.0,922.6570578813553
6.0,31.0,997.0,983.9820187091827
6.0,32.0,1060.0,1047.3959671854973
6.0,33.0,1125.0,1112.8765780329704
6.0,34.0,1192.0,1180.3982344269753
6.0,35.0,1261.0,1249.928736448288
6.0,36.0,1332.0,1321.4340237379074
6.0,37.0,1405.0,1394.8733097314835
6.0,38.0,1480.0,1470.2039474248886
6.0,39.0,1557.0,1547.3794258236885
6.0,40.0,1636.0,1626.3502286076546
6.0,41.0,1717.0,1707.0645496845245
6.0,42.0,1800.0,1789.4687225222588
6.0,43.0,1885.0,1873.5093668103218
6.0,44.0,1972.0,1959.131528019905
6.0,45.0,2061.0,2046.2818258404732
6.0,46.0,2152.0,2134.9077386260033
6.0,47.0,2245.0,2224.958462059498
6.0,48.0,2340.0,2316.3850522637367
6.0,49.0,2437.0,2409.1432880163193
7.0,0.0,49.0,30.821494348347187
7.0,1.0,50.0,35.423059582710266
7.0,2.0,53.0,41.437145829200745
7.0,3.0,58.0,48.91339462995529
7.0,4.0,65.0,57.89752987027168
7.0,5.0,74.0,68.43414843827486
7.0,6.0,85.0,80.56659500300884
7.0,7.0,98.0,94.33578135073185
7.0,8.0,113.0,109.78165327012539
7.0,9.0,130.0,126.94192044436932
7.0,10.0,149.0,145.85343389213085
7.0,11.0,170.0,166.55161352455616
7.0,12.0,193.0,189.07102058827877
7.0,13.0,218.0,213.4441770017147
7.0,14.0,245.0,239.7030680179596
7.0,15.0,274.0,267.8788202255964
7.0,16.0,305.0,297.9999842196703
7.0,17.0,338.0,330.0943234860897
7.0,18.0,373.0,364.1888501793146
7.0,19.0,410.0,400.3082151263952
7.0,20.0,449.0,438.47528026998043
7.0,21.0,490.0,478.71093977987766
7.0,22.0,533.0,521.0332971662283
7.0,23.0,578.0,565.4590963870287
7.0,24.0,625.0,612.0009669661522
7.0,25.0,674.0,660.6690697669983
7.0,26.0,725.0,711.4696658849716
7.0,27.0,778.0,764.4059037566185
7.0,28.0,833.0,819.4770678281784
7.0,29.0,890.0,876.6770043373108
7.0,30.0,949.0,935.9965541958809
7.0,31.0,1010.0,997.421263217926
7.0,32.0,1073.0,1060.9329563379288
7.0,33.0,1138.0,1126.508306503296
7.0,34.0,1205.0,1194.1192640066147
7.0,35.0,1274.0,1263.733199596405
7.0,36.0,1345.0,1335.313763141632
7.0,37.0,1418.0,1408.821885406971
7.0,38.0,1493.0,1484.2123433947563
7.0,39.0,1570.0,1561.4394847750664
7.0,40.0,1649.0,1640.4536501169205
7.0,41.0,1730.0,1721.2043213248253
7.0,42.0,1813.0,1803.638976752758
7.0,43.0,1898.0,1887.7053809762
7.0,44.0,1985.0,1973.3504399061203
7.0,45.0,2074.0,2060.5236354470253
7.0,46.0,2165.0,2149.173447728157
7.0,47.0,2258.0,2239.254367530346
7.0,48.0,2353.0,2330.719311416149
7.0,49.0,2450.0,2423.5273497104645
8.0,0.0,64.0,47.28307694196701
8.0,1.0,65.0,51.68927811086178
8.0,2.0,68.0,57.511774837970734
8.0,3.0,73.0,64.8001371100545
8.0,4.0,80.0,73.6020744740963
8.0,5.0,89.0,83.9649029225111
8.0,6.0,100.0,95.9315377920866
8.0,7.0,113.0,109.54498386383057
8.0,8.0,128.0,124.84581303596497
8.0,9.0,145.0,141.8727367669344
8.0,10.0,164.0,160.66428762674332
8.0,11.0,185.0,181.25638641417027
8.0,12.0,208.0,203.6836301535368
8.0,13.0,233.0,227.9788985401392
8.0,14.0,260.0,254.17571526765823
8.0,15.0,289.0,282.30381159484386
8.0,16.0,320.0,312.39213167130947
8.0,17.0,353.0,344.46947653591633
8.0,18.0,388.0,378.5615345686674
8.0,19.0,425.0,414.69241993129253
8.0,20.0,464.0,452.8841001242399
8.0,21.0,505.0,493.15696842968464
8.0,22.0,548.0,535.5286990255117
8.0,23.0,593.0,580.0140323191881
8.0,24.0,640.0,626.6247391700745
8.0,25.0,689.0,675.3695493340492
8.0,26.0,740.0,726.2534359097481
8.0,27.0,793.0,779.2774006724358
8.0,28.0,848.0,834.4394400715828
8.0,29.0,905.0,891.7322554588318
8.0,30.0,964.0,951.1441117525101
8.0,31.0,1025.0,1012.6595529913902
8.0,32.0,1088.0,1076.2586867809296
8.0,33.0,1153.0,1141.9163256287575
8.0,34.0,1220.0,1209.603990495205
8.0,35.0,1289.0,1279.2874779105186
8.0,36.0,1360.0,1350.929292857647
8.0,37.0,1433.0,1424.4893643260002
8.0,38.0,1508.0,1499.9247590899467
8.0,39.0,1585.0,1577.187391936779
8.0,40.0,1664.0,1656.228605210781
8.0,41.0,1745.0,1736.999741256237
8.0,42.0,1828.0,1819.4492802023888
8.0,43.0,1913.0,1903.5257021784782
8.0,44.0,2000.0,1989.1786321997643
8.0,45.0,2089.0,2076.3601281642914
8.0,46.0,2180.0,2165.0223910808563
8.0,47.0,2273.0,2255.1210566163063
8.0,48.0,2368.0,2346.6146226525307
8.0,49.0,2465.0,2439.464735507965
9.0,0.0,81.0,65.48111173510551
9.0,1.0,82.0,69.70252114534378
9.0,2.0,85.0,75.3424801081419
9.0,3.0,90.0,82.45265160501003
9.0,4.0,97.0,91.08194373548031
9.0,5.0,106.0,101.27901415526867
9.0,6.0,117.0,113.0881198644638
9.0,7.0,130.0,126.55387564003468
9.0,8.0,145.0,141.71803404390812
9.0,9.0,162.0,158.62016519904137
9.0,10.0,181.0,177.29901634156704
9.0,11.0,202.0,197.79154582321644
9.0,12.0,225.0,220.13288733363152
9.0,13.0,250.0,244.35742323100567
9.0,14.0,277.0,270.4971387684345
9.0,15.0,306.0,298.5836971998215
9.0,16.0,337.0,328.6450766772032
9.0,17.0,370.0,360.70932690799236
9.0,18.0,405.0,394.8025298267603
9.0,19.0,442.0,430.94779781997204
9.0,20.0,481.0,469.16645438969135
9.0,21.0,522.0,509.47882126271725
9.0,22.0,565.0,551.9005690664053
9.0,23.0,610.0,596.4449355453253
9.0,24.0,657.0,643.1236915588379
9.0,25.0,706.0,691.9429193139076
9.0,26.0,757.0,742.9063754677773
9.0,27.0,810.0,796.0142031311989
9.0,28.0,865.0,851.2612503170967
9.0,29.0,922.0,908.6393597126007
9.0,30.0,981.0,968.1359375715256
9.0,31.0,1042.0,1029.7326657176018
9.0,32.0,1105.0,1093.4086499810219
9.0,33.0,1170.0,1159.1371286511421
9.0,34.0,1237.0,1226.8886209130287
9.0,35.0,1306.0,1296.6274921894073
9.0,36.0,1377.0,1368.3178216814995
9.0,37.0,1450.0,1441.9165330529213
9.0,38.0,1525.0,1517.380549967289
9.0,39.0,1602.0,1594.6639338731766
9.0,40.0,1681.0,1673.7185995578766
9.0,41.0,1762.0,1754.4938858151436
9.0,42.0,1845.0,1836.943138539791
9.0,43.0,1930.0,1921.015982747078
9.0,44.0,2017.0,2006.6644763350487
9.0,45.0,2106.0,2093.8425376415253
9.0,46.0,2197.0,2182.5055161118507
9.0,47.0,2290.0,2272.612625181675
9.0,48.0,2385.0,2364.1256542801857
9.0,49.0,2482.0,2457.010972380638
10.0,0.0,100.0,85.44352321326733
10.0,1.0,101.0,89.49062372744083
10.0,2.0,104.0,94.95795534551144
10.0,3.0,109.0,101.89964970946312
10.0,4.0,116.0,110.3660818040371
10.0,5.0,125.0,120.4063028395176
10.0,6.0,136.0,132.06736047565937
10.0,7.0,149.0,145.39394104480743
10.0,8.0,164.0,160.42929977178574
10.0,9.0,181.0,177.2137938886881
10.0,10.0,200.0,195.78788796067238
10.0,11.0,221.0,216.1883972287178
10.0,12.0,244.0,238.451385602355
10.0,13.0,269.0,262.6113785505295
10.0,14.0,296.0,288.7010768800974
10.0,15.0,325.0,316.75085584819317
10.0,16.0,356.0,346.7900531589985
10.0,17.0,389.0,378.8461818546057
10.0,18.0,424.0,412.9441074281931
10.0,19.0,461.0,449.10726426541805
10.0,20.0,500.0,487.35633186995983
10.0,21.0,541.0,527.7088413089514
10.0,22.0,584.0,570.181393429637
10.0,23.0,629.0,614.7850435376167
10.0,24.0,676.0,661.529737830162
10.0,25.0,725.0,710.4212365150452
10.0,26.0,776.0,761.4611138105392
10.0,27.0,829.0,814.6472230553627
10.0,28.0,884.0,869.9744122624397
10.0,29.0,941.0,927.4310894608498
10.0,30.0,1000.0,987.0035160183907
10.0,31.0,1061.0,1048.6730875372887
10.0,32.0,1124.0,1112.4154751896858
10.0,33.0,1189.0,1178.2040603756905
10.0,34.0,1256.0,1246.0075018405914
10.0,35.0,1325.0,1315.7898787856102
10.0,36.0,1396.0,1387.513553082943
10.0,37.0,1469.0,1461.137022614479
10.0,38.0,1544.0,1536.6166386008263
10.0,39.0,1621.0,1613.9061762690544
10.0,40.0,1700.0,1692.9594108462334
10.0,41.0,1781.0,1773.7271122336388
10.0,42.0,1864.0,1856.1631987690926
10.0,43.0,1949.0,1940.2198714613914
10.0,44.0,2036.0,2025.8524797558784
10.0,45.0,2125.0,2113.0160868763924
10.0,46.0,2216.0,2201.6720529198647
10.0,47.0,2309.0,2291.7797344326973
10.0,48.0,2404.0,2383.307647049427
10.0,49.0,2501.0,2476.2227321863174
11.0,0.0,121.0,107.19721619784832
11.0,1.0,122.0,111.08063378930092
11.0,2.0,125.0,116.38664381206036
11.0,3.0,130.0,123.16984301805496
11.0,4.0,137.0,131.48321816325188
11.0,5.0,146.0,141.37628556787968
11.0,6.0,157.0,152.8978459984064
11.0,7.0,170.0,166.09433889389038
11.0,8.0,185.0,181.00959192216396
11.0,9.0,202.0,197.6855007559061
11.0,10.0,221.0,216.16167129576206
11.0,11.0,242.0,236.47803144156933
11.0,12.0,265.0,258.6695002168417
11.0,13.0,290.0,282.77167642116547
11.0,14.0,317.0,308.8168673068285
11.0,15.0,346.0,336.8359490185976
11.0,16.0,377.0,366.8584381490946
11.0,17.0,410.0,398.91088174283504
11.0,18.0,445.0,433.01775173842907
11.0,19.0,482.0,469.2022320777178
11.0,20.0,521.0,507.483070269227
11.0,21.0,562.0,547.8777258247137
11.0,22.0,605.0,590.4011538177729
11.0,23.0,650.0,635.0639802217484
11.0,24.0,697.0,681.874076128006
11.0,25.0,746.0,730.8352697491646
11.0,26.0,797.0,781.947417974472
11.0,27.0,850.0,835.2080879211426
11.0,28.0,905.0,890.6086929440498
11.0,29.0,962.0,948.137354850769
11.0,30.0,1021.0,1007.7780452370644
11.0,31.0,1082.0,1069.5105854868889
11.0,32.0,1145.0,1133.3093587756157
11.0,33.0,1210.0,1199.1468878388405
11.0,34.0,1277.0,1266.9911158680916
11.0,35.0,1346.0,1336.8048340678215
11.0,36.0,1417.0,1408.5499749779701
11.0,37.0,1490.0,1482.185179591179
11.0,38.0,1565.0,1557.667371571064
11.0,39.0,1642.0,1634.949896812439
11.0,40.0,1721.0,1713.9888203144073
11.0,41.0,1802.0,1794.7370586395264
11.0,42.0,1885.0,1877.1483870148659
11.0,43.0,1970.0,1961.1791566610336
11.0,44.0,2057.0,2046.7854325771332
11.0,45.0,2146.0,2133.9275730848312
11.0,46.0,2237.0,2222.567940056324
11.0,47.0,2330.0,2312.672186911106
11.0,48.0,2425.0,2404.20854306221
11.0,49.0,2522.0,2497.1532521247864
12.0,0.0,144.0,130.7682010680437
12.0,1.0,145.0,134.4997065961361
12.0,2.0,148.0,139.6552714407444
12.0,3.0,153.0,146.29085190594196
12.0,4.0,160.0,154.4604723006487
12.0,5.0,169.0,164.21661849319935
12.0,6.0,180.0,175.60859213769436
12.0,7.0,193.0,188.684156447649
12.0,8.0,208.0,203.48771153390408
12.0,9.0,225.0,220.0628703981638
12.0,10.0,244.0,238.45024071633816
12.0,11.0,265.0,258.68882016837597
12.0,12.0,288.0,280.8163184374571
12.0,13.0,313.0,304.86729677021503
12.0,14.0,340.0,330.874455973506
12.0,15.0,369.0,358.8689226359129
12.0,16.0,400.0,388.879390463233
12.0,17.0,433.0,420.9323349446058
12.0,18.0,468.0,455.0525142401457
12.0,19.0,505.0,491.26060785353184
12.0,20.0,544.0,529.5760788470507
12.0,21.0,585.0,570.0145262926817
12.0,22.0,628.0,612.5894383788109
12.0,23.0,673.0,657.3102604150772
12.0,24.0,720.0,704.1837543845177
12.0,25.0,769.0,753.2123531699181
12.0,26.0,820.0,804.3936238884926
12.0,27.0,873.0,857.7232732176781
12.0,28.0,928.0,913.1918558478355
12.0,29.0,985.0,970.7854900360107
12.0,30.0,1044.0,1030.4858576059341
12.0,31.0,1105.0,1092.272923052311
12.0,32.0,1168.0,1156.1189228892326
12.0,33.0,1233.0,1221.9948056340218
12.0,34.0,1300.0,1289.8682282567024
12.0,35.0,1369.0,1359.7015526294708
12.0,36.0,1440.0,1431.4564250707626
12.0,37.0,1513.0,1505.0914865732193
12.0,38.0,1588.0,1580.5632314682007
12.0,39.0,1665.0,1657.8280109763145
12.0,40.0,1744.0,1736.841460764408
12.0,41.0,1825.0,1817.5582147240639
12.0,42.0,1908.0,1899.9360551834106
12.0,43.0,1993.0,1983.9313333630562
12.0,44.0,2080.0,2069.5048369169235
12.0,45.0,2169.0,2156.6183552742004
12.0,46.0,2260.0,2245.2389729619026
12.0,47.0,2353.0,2335.335205614567
12.0,48.0,2448.0,2426.880148410797
12.0,49.0,2545.0,2519.8523347377777
13.0,0.0,169.0,156.1827386468649
13.0,1.0,170.0,159.7738883048296
13.0,2.0,173.0,164.7893477231264
13.0,3.0,178.0,171.2883647531271
13.0,4.0,185.0,179.325571924448
13.0,5.0,194.0,188.95499354600906
13.0,6.0,205.0,200.22686149179935
13.0,7.0,218.0,213.18997652828693
13.0,8.0,233.0,227.89138631522655
13.0,9.0,250.0,244.37409563362598
13.0,10.0,269.0,262.68039371073246
13.0,11.0,290.0,282.85006533563137
13.0,12.0,313.0,304.9207486361265
13.0,13.0,338.0,328.9267901927233
13.0,14.0,365.0,354.90203569829464
13.0,15.0,394.0,382.87754018604755
13.0,16.0,425.0,412.88070936501026
13.0,17.0,458.0,444.93916361033916
13.0,18.0,493.0,479.07508508861065
13.0,19.0,530.0,515.3098688572645
13.0,20.0,569.0,553.6616184264421
13.0,21.0,610.0,594.1454319804907
13.0,22.0,653.0,636.7717208266258
13.0,23.0,698.0,681.5502164959908
13.0,24.0,745.0,728.4851049780846
13.0,25.0,794.0,777.577388048172
13.0,26.0,845.0,828.8242034912109
13.0,27.0,898.0,882.2178233265877
13.0,28.0,953.0,937.7483729124069
13.0,29.0,1010.0,995.3998238444328
13.0,30.0,1069.0,1055.1528561711311
13.0,31.0,1130.0,1116.984572172165
13.0,32.0,1193.0,1180.8683532476425
13.0,33.0,1258.0,1246.7724288105965
13.0,34.0,1325.0,1314.6643127202988
13.0,35.0,1394.0,1384.5060806274414
13.0,36.0,1465.0,1456.2590926289558
13.0,37.0,1538.0,1529.882705271244
13.0,38.0,1613.0,1605.3338422179222
13.0,39.0,1690.0,1682.5697133541107
13.0,40.0,1769.0,1761.5478147864342
13.0,41.0,1850.0,1842.2250701785088
13.0,42.0,1933.0,1924.560120522976
13.0,43.0,2018.0,2008.5134672522545
13.0,44.0,2105.0,2094.0471860170364
13.0,45.0,2194.0,2181.128790676594
13.0,46.0,2285.0,2269.7269399762154
13.0,47.0,2378.0,2359.8137273192406
13.0,48.0,2473.0,2451.366684317589
13.0,49.0,2570.0,2544.3677790164948
14.0,0.0,196.0,183.4644422084093
14.0,1.0,197.0,186.92740041017532
14.0,2.0,200.0,191.81588481366634
14.0,3.0,205.0,198.18907171487808
14.0,4.0,212.0,206.10413385927677
14.0,5.0,221.0,215.6165624409914
14.0,6.0,232.0,226.77870021760464
14.0,7.0,245.0,239.63927640020847
14.0,8.0,260.0,254.24698442220688
14.0,9.0,277.0,270.64608128368855
14.0,10.0,296.0,288.879249766469
14.0,11.0,317.0,308.9874553233385
14.0,12.0,340.0,331.0075847506523
14.0,13.0,365.0,354.97609551250935
14.0,14.0,392.0,380.9254379719496
14.0,15.0,421.0,408.8872753828764
14.0,16.0,452.0,438.8885125666857
14.0,17.0,485.0,470.95612590014935
14.0,18.0,520.0,505.11158199608326
14.0,19.0,557.0,541.375918135047
14.0,20.0,596.0,579.7654489427805
14.0,21.0,637.0,620.2943781614304
14.0,22.0,680.0,662.9724373221397
14.0,23.0,725.0,707.8074617385864
14.0,24.0,772.0,754.801598072052
14.0,25.0,821.0,803.9544169902802
14.0,26.0,872.0,855.262054502964
14.0,27.0,925.0,908.7146359682083
14.0,28.0,980.0,964.3007125258446
14.0,29.0,1037.0,1022.0028246641159
14.0,30.0,1096.0,1081.800364434719
14.0,31.0,1157.0,1143.668859899044
14.0,32.0,1220.0,1207.5799751281738
14.0,33.0,1285.0,1273.5029413104057
14.0,34.0,1352.0,1341.4026963114738
14.0,35.0,1421.0,1411.2420313358307
14.0,36.0,1492.0,1482.9833082556725
14.0,37.0,1565.0,1556.5847387313843
14.0,38.0,1640.0,1632.005536198616
14.0,39.0,1717.0,1709.2031967639923
14.0,40.0,1796.0,1788.1377925276756
14.0,41.0,1877.0,1868.7675351500511
14.0,42.0,1960.0,1951.0530691742897
14.0,43.0,2045.0,2034.9583306908607
14.0,44.0,2132.0,2120.4496886730194
14.0,45.0,2221.0,2207.4960880875587
14.0,46.0,2312.0,2296.070481002331
14.0,47.0,2405.0,2386.1483954787254
14.0,48.0,2500.0,2477.7122288942337
14.0,49.0,2597.0,2570.7456666231155
15.0,0.0,225.0,212.63749746978283
15.0,1.0,226.0,215.98467907309532
15.0,2.0,229.0,220.75724376738071
15.0,3.0,234.0,227.01662184298038
15.0,4.0,241.0,234.82109515368938
15.0,5.0,250.0,244.22726400196552
15.0,6.0,261.0,255.28858025372028
15.0,7.0,274.0,268.0566353350878
15.0,8.0,289.0,282.57980068027973
15.0,9.0,306.0,298.9037643969059
15.0,10.0,325.0,317.0723183751106
15.0,11.0,346.0,337.12574829161167
15.0,12.0,369.0,359.10348115861416
15.0,13.0,394.0,383.0403286665678
15.0,14.0,421.0,408.9695640653372
15.0,15.0,450.0,436.92238549888134
15.0,16.0,481.0,466.9264133423567
15.0,17.0,514.0,499.0066919773817
15.0,18.0,549.0,533.1848311275244
15.0,19.0,586.0,569.4803654104471
15.0,20.0,625.0,607.9094305634499
15.0,21.0,666.0,648.4839047789574
15.0,22.0,709.0,691.2127682566643
15.0,23.0,754.0,736.1021747589111
15.0,24.0,801.0,783.1536985039711
15.0,25.0,850.0,832.3634755015373
15.0,26.0,901.0,883.7270693182945
15.0,27.0,954.0,937.2333173155785
15.0,28.0,1009.0,992.8680515289307
15.0,29.0,1066.0,1050.6136693358421
15.0,30.0,1125.0,1110.4471299052238
15.0,31.0,1186.0,1172.3433888554573
15.0,32.0,1249.0,1236.2728222608566
15.0,33.0,1314.0,1302.2043750882149
15.0,34.0,1381.0,1370.1029852032661
15.0,35.0,1450.0,1439.9305851459503
15.0,36.0,1521.0,1511.6492505669594
15.0,37.0,1594.0,1585.2201984524727
15.0,38.0,1669.0,1660.6017835736275
15.0,39.0,1746.0,1737.7533624768257
15.0,40.0,1825.0,1816.6360090374947
15.0,41.0,1906.0,1897.2119420170784
15.0,42.0,1989.0,1979.4436663985252
15.0,43.0,2074.0,2063.2989822626114
15.0,44.0,2161.0,2148.7452603578568
15.0,45.0,2250.0,2235.7558820843697
15.0,46.0,2341.0,2324.306518614292
15.0,47.0,2434.0,2414.379137992859
15.0,48.0,2529.0,2505.9568531513214
15.0,49.0,2626.0,2599.0297894477844
16.0,0.0,256.0,243.72387193143368
16.0,1.0,257.0,246.96804957091808
16.0,2.0,260.0,251.63746719062328
16.0,3.0,265.0,257.794055968523
16.0,4.0,272.0,265.4990315288305
16.0,5.0,281.0,274.80974550545216
16.0,6.0,292.0,285.78097353875637
16.0,7.0,305.0,298.4658097177744
16.0,8.0,320.0,312.9132694751024
16.0,9.0,337.0,329.1711518019438
16.0,10.0,356.0,347.28224681317806
16.0,11.0,377.0,367.2889868468046
16.0,12.0,400.0,389.23065580427647
16.0,13.0,425.0,413.1418864876032
16.0,14.0,452.0,439.0569539219141
16.0,15.0,481.0,467.00612603127956
16.0,16.0,512.0,497.01659385859966
16.0,17.0,545.0,529.1129724532366
16.0,18.0,580.0,563.3163706511259
16.0,19.0,617.0,599.6451781839132
16.0,20.0,656.0,638.1136703491211
16.0,21.0,697.0,678.7335106730461
16.0,22.0,740.0,721.51246291399
16.0,23.0,785.0,766.4543910622597
16.0,24.0,832.0,813.5587226748466
16.0,25.0,881.0,862.8223093152046
16.0,26.0,932.0,914.2368505597115
16.0,27.0,985.0,967.7904682159424
16.0,28.0,1040.0,1023.46770632267
16.0,29.0,1097.0,1081.2488155961037
16.0,30.0,1156.0,1141.1108983159065
16.0,31.0,1217.0,1203.0254754424095
16.0,32.0,1280.0,1266.9644972682
16.0,33.0,1345.0,1332.895906984806
16.0,34.0,1412.0,1400.7829251289368
16.0,35.0,1481.0,1470.5899171233177
16.0,36.0,1552.0,1542.2783861756325
16.0,37.0,1625.0,1615.808976829052
16.0,38.0,1700.0,1691.1427629590034
16.0,39.0,1777.0,1768.242106437683
16.0,40.0,1856.0,1847.0675086975098
16.0,41.0,1937.0,1927.5851956009865
16.0,42.0,2020.0,2009.7599619030952
16.0,43.0,2105.0,2093.561897456646
16.0,44.0,2192.0,2178.96323877573
16.0,45.0,2281.0,2265.9390845894814
16.0,46.0,2372.0,2354.4714029431343
16.0,47.0,2465.0,2444.5420187711716
16.0,48.0,2560.0,2536.1403418779373
16.0,49.0,2657.0,2629.2582149505615
17.0,0.0,289.0,276.74453131854534
17.0,1.0,290.0,279.8992647379637
17.0,2.0,293.0,284.47737769782543
17.0,3.0,298.0,290.54391403496265
17.0,4.0,305.0,298.1599820405245
17.0,5.0,314.0,307.3861891180277
17.0,6.0,325.0,318.277668684721
17.0,7.0,338.0,330.88919638097286
17.0,8.0,353.0,345.27025274932384
17.0,9.0,370.0,361.46945966780186
17.0,10.0,389.0,379.5317539125681
17.0,11.0,410.0,399.49949626624584
17.0,12.0,433.0,421.41053952276707
17.0,13.0,458.0,445.303094252944
17.0,14.0,485.0,471.20885948836803
17.0,15.0,514.0,499.15853248536587
17.0,16.0,545.0,529.1790896207094
17.0,17.0,578.0,561.2941441684961
17.0,18.0,613.0,595.5250911861658
17.0,19.0,650.0,631.8877801895142
17.0,20.0,689.0,670.3967369198799
17.0,21.0,730.0,711.0612277984619
17.0,22.0,773.0,753.8882652521133
17.0,23.0,818.0,798.8792803883553
17.0,24.0,865.0,846.0339869856834
17.0,25.0,914.0,895.3459450602531
17.0,26.0,965.0,946.8062817454338
17.0,27.0,1018.0,1000.4009721875191
17.0,28.0,1073.0,1056.113701760769
17.0,29.0,1130.0,1113.9227176308632
17.0,30.0,1189.0,1173.8039771914482
17.0,31.0,1250.0,1235.7297169566154
17.0,32.0,1313.0,1299.6698836684227
17.0,33.0,1378.0,1365.5904169678688
17.0,34.0,1445.0,1433.4581151604652
17.0,35.0,1514.0,1503.2357694506645
17.0,36.0,1585.0,1574.884596824646
17.0,37.0,1658.0,1648.368390262127
17.0,38.0,1733.0,1723.648796081543
17.0,39.0,1810.0,1800.6886054873466
17.0,40.0,1889.0,1879.4536150097847
17.0,41.0,1970.0,1959.9093349575996
17.0,42.0,2053.0,2042.0259982943535
17.0,43.0,2138.0,2125.774982869625
17.0,44.0,2225.0,2211.132818520069
17.0,45.0,2314.0,2298.0780386328697
17.0,46.0,2405.0,2386.594614803791
17.0,47.0,2498.0,2476.6709550619125
17.0,48.0,2593.0,2568.297041654587
17.0,49.0,2690.0,2661.469010591507
18.0,0.0,324.0,311.71943958103657
18.0,1.0,325.0,314.7975371927023
18.0,2.0,328.0,319.29765479266644
18.0,3.0,333.0,325.2856948822737
18.0,4.0,340.0,332.82491241395473
18.0,5.0,349.0,341.97695234417915
18.0,6.0,360.0,352.7990231961012
18.0,7.0,373.0,365.3461868315935
18.0,8.0,388.0,379.67007045447826
18.0,9.0,405.0,395.8197610527277
18.0,10.0,424.0,413.8404816240072
18.0,11.0,445.0,433.77502228319645
18.0,12.0,468.0,455.66395492851734
18.0,13.0,493.0,479.5420554727316
18.0,14.0,520.0,505.44338427484035
18.0,15.0,549.0,533.3979230374098
18.0,16.0,580.0,563.4314316958189
18.0,17.0,613.0,595.5680959671736
18.0,18.0,648.0,629.827128469944
18.0,19.0,685.0,666.2246291637421
18.0,20.0,724.0,704.7733706831932
18.0,21.0,765.0,745.4815103411674
18.0,22.0,808.0,788.3539139032364
18.0,23.0,853.0,833.3921555876732
18.0,24.0,900.0,880.592371404171
18.0,25.0,949.0,929.9475489258766
18.0,26.0,1000.0,981.4478135108948
18.0,27.0,1053.0,1035.0771367549896
18.0,28.0,1108.0,1090.8172004818916
18.0,29.0,1165.0,1148.6463949680328
18.0,30.0,1224.0,1208.5391033887863
18.0,31.0,1285.0,1270.4664173722267
18.0,32.0,1348.0,1334.3989992141724
18.0,33.0,1413.0,1400.3016436696053
18.0,34.0,1480.0,1468.1408628225327
18.0,35.0,1549.0,1537.8808789849281
18.0,36.0,1620.0,1609.4837678074837
18.0,37.0,1693.0,1682.9133222699165
18.0,38.0,1768.0,1758.1343371272087
18.0,39.0,1845.0,1835.1116071343422
18.0,40.0,1924.0,1913.8125030398369
18.0,41.0,2005.0,1994.2055404782295
18.0,42.0,2088.0,2076.263385295868
18.0,43.0,2173.0,2159.9622811079025
18.0,44.0,2260.0,2245.279043972492
18.0,45.0,2349.0,2332.1993628144264
18.0,46.0,2440.0,2420.7077816724777
18.0,47.0,2533.0,2510.796286344528
18.0,48.0,2628.0,2602.459867954254
18.0,49.0,2725.0,2695.6970953941345
19.0,0.0,361.0,348.66562689840794
19.0,1.0,362.0,351.6809704452753
19.0,2.0,365.0,356.11582954227924
19.0,3.0,370.0,362.03775246441364
19.0,4.0,377.0,369.512355491519
19.0,5.0,386.0,378.6013193577528
19.0,6.0,397.0,389.3644643574953
19.0,7.0,410.0,401.8563872426748
19.0,8.0,425.0,416.1318278759718
19.0,9.0,442.0,432.24037413299084
19.0,10.0,461.0,450.2271774560213
19.0,11.0,482.0,470.13545729219913
19.0,12.0,505.0,492.0066442042589
19.0,13.0,530.0,515.876444324851
19.0,14.0,557.0,541.7774869054556
19.0,15.0,586.0,569.7402545362711
19.0,16.0,617.0,599.7895053774118
19.0,17.0,650.0,631.9496040344238
19.0,18.0,685.0,666.2379384636879
19.0,19.0,722.0,702.6696426272392
19.0,20.0,761.0,741.257167160511
19.0,21.0,802.0,782.0065227150917
19.0,22.0,845.0,824.9217163920403
19.0,23.0,890.0,870.0027481913567
19.0,24.0,937.0,917.2434643507004
19.0,25.0,986.0,966.6372817754745
19.0,26.0,1037.0,1018.1703187227249
19.0,27.0,1090.0,1071.8274054527283
19.0,28.0,1145.0,1127.5877909064293
19.0,29.0,1202.0,1185.4294360280037
19.0,30.0,1261.0,1245.324720442295
19.0,31.0,1322.0,1307.245880663395
19.0,32.0,1385.0,1371.16143232584
19.0,33.0,1450.0,1437.0380306243896
19.0,34.0,1517.0,1504.8411858677864
19.0,35.0,1586.0,1574.5355497002602
19.0,36.0,1657.0,1646.0857737660408
19.0,37.0,1730.0,1719.4567959308624
19.0,38.0,1805.0,1794.6142696142197
19.0,39.0,1882.0,1871.5261380076408
19.0,40.0,1961.0,1950.161346077919
19.0,41.0,2042.0,2030.4922734498978
19.0,42.0,2125.0,2112.4935895204544
19.0,43.0,2210.0,2196.145115673542
19.0,44.0,2297.0,2281.426816403866
19.0,45.0,2386.0,2368.327099740505
19.0,46.0,2477.0,2456.836377263069
19.0,47.0,2570.0,2546.946920990944
19.0,48.0,2665.0,2638.659160256386
19.0,49.0,2762.0,2731.9725226163864
20.0,0.0,400.0,387.6004812270403
20.0,1.0,401.0,390.5670240074396
20.0,2.0,404.0,394.94950456917286
20.0,3.0,409.0,400.8179756253958
20.0,4.0,416.0,408.23891212046146
20.0,5.0,425.0,417.2754974514246
20.0,6.0,436.0,427.98912613093853
20.0,7.0,449.0,440.43704245984554
20.0,8.0,464.0,454.6727698594332
20.0,9.0,481.0,470.7468979805708
20.0,10.0,500.0,488.7064387053251
20.0,11.0,521.0,508.5964719206095
20.0,12.0,544.0,530.4554228633642
20.0,13.0,569.0,554.3208581060171
20.0,14.0,596.0,580.2256215661764
20.0,15.0,625.0,608.1990867257118
20.0,16.0,656.0,638.2670850753784
20.0,17.0,689.0,670.450975894928
20.0,18.0,724.0,704.7686480283737
20.0,19.0,761.0,741.2344125509262
20.0,20.0,800.0,779.8582872152328
20.0,21.0,841.0,820.6464257836342
20.0,22.0,884.0,863.6014042496681
20.0,23.0,929.0,908.7199310660362
20.0,24.0,976.0,955.9967111349106
20.0,25.0,1025.0,1005.422012925148
20.0,26.0,1076.0,1056.9819546937943
20.0,27.0,1129.0,1110.658504486084
20.0,28.0,1184.0,1166.4317699074745
20.0,29.0,1241.0,1224.2767065763474
20.0,30.0,1300.0,1284.166982114315
20.0,31.0,1361.0,1346.0735450387
20.0,32.0,1424.0,1409.9641954302788
20.0,33.0,1489.0,1475.806304037571
20.0,34.0,1556.0,1543.566382944584
20.0,35.0,1625.0,1613.2090837955475
20.0,36.0,1696.0,1684.7020635604858
20.0,37.0,1769.0,1758.0098307728767
20.0,38.0,1844.0,1833.1013303995132
20.0,39.0,1921.0,1909.945078074932
20.0,40.0,2000.0,1988.5151707530022
20.0,41.0,2081.0,2068.7857053875923
20.0,42.0,2164.0,2150.7333549261093
20.0,43.0,2249.0,2234.3422340750694
20.0,44.0,2336.0,2319.596743762493
20.0,45.0,2425.0,2406.4862937927246
20.0,46.0,2516.0,2495.005445957184
20.0,47.0,2609.0,2585.1497638225555
20.0,48.0,2704.0,2676.920964717865
20.0,49.0,2801.0,2770.3236281871796
21.0,0.0,441.0,428.5363816469908
21.0,1.0,442.0,431.4686494022608
21.0,2.0,445.0,435.8122753947973
21.0,3.0,450.0,441.64003144204617
21.0,4.0,457.0,449.01910804212093
21.0,5.0,466.0,458.01476369798183
21.0,6.0,477.0,468.68989558517933
21.0,7.0,490.0,481.10167644917965
21.0,8.0,505.0,495.30584792792797
21.0,9.0,522.0,511.35421611368656
21.0,10.0,541.0,529.2938644438982
21.0,11.0,562.0,549.1698728054762
21.0,12.0,585.0,571.0219544321299
21.0,13.0,610.0,594.8880336731672
21.0,14.0,637.0,620.7997022271156
21.0,15.0,666.0,648.7868702411652
21.0,16.0,697.0,678.8736160993576
21.0,17.0,730.0,711.0822650790215
21.0,18.0,765.0,745.4291318058968
21.0,19.0,802.0,781.9268100261688
21.0,20.0,841.0,820.5854606032372
21.0,21.0,882.0,861.4090906381607
21.0,22.0,925.0,904.3979863524437
21.0,23.0,970.0,949.5497148633003
21.0,24.0,1017.0,996.8558326363564
21.0,25.0,1066.0,1046.3066081404686
21.0,26.0,1117.0,1097.8851543068886
21.0,27.0,1170.0,1151.5744409561157
21.0,28.0,1225.0,1207.3519997000694
21.0,29.0,1282.0,1265.1922137141228
21.0,30.0,1341.0,1325.0694661736488
21.0,31.0,1402.0,1386.9527020454407
21.0,32.0,1465.0,1450.8108662962914
21.0,33.0,1530.0,1516.611615896225
21.0,34.0,1597.0,1584.3221784830093
21.0,35.0,1666.0,1653.908207476139
21.0,36.0,1737.0,1725.3385047316551
21.0,37.0,1810.0,1798.579868555069
21.0,38.0,1885.0,1873.6032474637032
21.0,39.0,1962.0,1950.3804486393929
21.0,40.0,2041.0,2028.8865708112717
21.0,41.0,2122.0,2109.099288702011
21.0,42.0,2205.0,2190.999425470829
21.0,43.0,2290.0,2274.572670042515
21.0,44.0,2377.0,2359.807430446148
21.0,45.0,2466.0,2446.696408033371
21.0,46.0,2557.0,2535.2361681461334
21.0,47.0,2650.0,2625.426281452179
21.0,48.0,2745.0,2717.2707550525665
21.0,49.0,2842.0,2810.7753133773804
22.0,0.0,484.0,471.486351236701
22.0,1.0,485.0,474.39808259904385
22.0,2.0,488.0,478.7170935422182
22.0,3.0,493.0,484.51629899442196
22.0,4.0,500.0,491.86575166881084
22.0,5.0,509.0,500.83106784522533
22.0,6.0,520.0,511.476647362113
22.0,7.0,533.0,523.8624536246061
22.0,8.0,548.0,538.0435842722654
22.0,9.0,565.0,554.0733480602503
22.0,10.0,584.0,571.9996870905161
22.0,11.0,605.0,591.867466583848
22.0,12.0,628.0,613.7180097699165
22.0,13.0,653.0,637.5878814458847
22.0,14.0,680.0,663.5091026425362
22.0,15.0,709.0,691.5112972855568
22.0,16.0,740.0,721.6183648705482
22.0,17.0,773.0,753.8509133458138
22.0,18.0,808.0,788.2254004478455
22.0,19.0,845.0,824.7534181475639
22.0,20.0,884.0,863.4429806470871
22.0,21.0,925.0,904.2978088259697
22.0,22.0,968.0,947.3164715766907
22.0,23.0,1013.0,992.4952480196953
22.0,24.0,1060.0,1039.8248359560966
22.0,25.0,1109.0,1089.29335719347
22.0,26.0,1160.0,1140.8836384415627
22.0,27.0,1213.0,1194.5766459703445
22.0,28.0,1268.0,1250.3503407239914
22.0,29.0,1325.0,1308.1783903241158
22.0,30.0,1384.0,1368.0333175063133
22.0,31.0,1445.0,1429.8853552341461
22.0,32.0,1508.0,1493.7041640281677
22.0,33.0,1573.0,1559.4561128616333
22.0,34.0,1640.0,1627.111577808857
22.0,35.0,1709.0,1696.6366416215897
22.0,36.0,1780.0,1768.0005354881287
22.0,37.0,1853.0,1841.1744941473007
22.0,38.0,1928.0,1916.1294661164284
22.0,39.0,2005.0,1992.8408363461494
22.0,40.0,2084.0,2071.2864226698875
22.0,41.0,2165.0,2151.4463326931
22.0,42.0,2248.0,2233.304967343807
22.0,43.0,2333.0,2316.851020872593
22.0,44.0,2420.0,2402.076192855835
22.0,45.0,2509.0,2488.9750450849533
22.0,46.0,2600.0,2577.548865556717
22.0,47.0,2693.0,2667.79794049263
22.0,48.0,2788.0,2759.7288529872894
22.0,49.0,2885.0,2853.3490447998047
23.0,0.0,529.0,516.4597637504339
23.0,1.0,530.0,519.3657706826925
23.0,2.0,533.0,523.6731180995703
23.0,3.0,538.0,529.4569391459227
23.0,4.0,545.0,536.7879305332899
23.0,5.0,554.0,545.7345707565546
23.0,6.0,565.0,556.3616174310446
23.0,7.0,578.0,568.7296779602766
23.0,8.0,593.0,582.8962113112211
23.0,9.0,610.0,598.9143115729094
23.0,10.0,629.0,616.8331015110016
23.0,11.0,650.0,636.6987343430519
23.0,12.0,673.0,658.5510306358337
23.0,13.0,698.0,682.4271991848946
23.0,14.0,725.0,708.3608710169792
23.0,15.0,754.0,736.3789509534836
23.0,16.0,785.0,766.5064833760262
23.0,17.0,818.0,798.7622157931328
23.0,18.0,853.0,833.1623197197914
23.0,19.0,890.0,869.7172422409058
23.0,20.0,929.0,908.4341388940811
23.0,21.0,970.0,949.315013229847
23.0,22.0,1013.0,992.3577185869217
23.0,23.0,1058.0,1037.5575323104858
23.0,24.0,1105.0,1084.9035779833794
23.0,25.0,1154.0,1134.3815445303917
23.0,26.0,1205.0,1185.975546658039
23.0,27.0,1258.0,1239.6646901965141
23.0,28.0,1313.0,1295.4257912039757
23.0,29.0,1370.0,1353.2329466342926
23.0,30.0,1429.0,1413.0576774477959
23.0,31.0,1490.0,1474.8715046048164
23.0,32.0,1553.0,1538.6430868506432
23.0,33.0,1618.0,1604.3422278165817
23.0,34.0,1685.0,1671.9371569156647
23.0,35.0,1754.0,1741.396676003933
23.0,36.0,1825.0,1812.6918767094612
23.0,37.0,1898.0,1885.7971422076225
23.0,38.0,1973.0,1960.6851383447647
23.0,39.0,2050.0,2037.3329674005508
23.0,40.0,2129.0,2115.7225974202156
23.0,41.0,2210.0,2195.8368551135063
23.0,42.0,2293.0,2277.6627174019814
23.0,43.0,2378.0,2361.1915976405144
23.0,44.0,2465.0,2446.417628288269
23.0,45.0,2554.0,2533.3396644592285
23.0,46.0,2645.0,2621.9601390361786
23.0,47.0,2738.0,2712.28248667717
23.0,48.0,2833.0,2804.313576698303
23.0,49.0,2930.0,2898.0625681877136
24.0,0.0,576.0,563.4634169489145
24.0,1.0,577.0,566.3777958601713
24.0,2.0,580.0,570.687790825963
24.0,3.0,585.0,576.4686781018972
24.0,4.0,592.0,583.793658837676
24.0,5.0,601.0,592.7322848588228
24.0,6.0,612.0,603.3502082228661
24.0,7.0,625.0,615.7102545499802
24.0,8.0,640.0,629.8694892525673
24.0,9.0,657.0,645.8831530809402
24.0,10.0,676.0,663.8004761338234
24.0,11.0,697.0,683.6675400733948
24.0,12.0,720.0,705.5259901285172
24.0,13.0,745.0,729.411747097969
24.0,14.0,772.0,755.3581557869911
24.0,15.0,801.0,783.393122792244
24.0,16.0,832.0,813.5401182770729
24.0,17.0,865.0,845.8180328607559
24.0,18.0,900.0,880.240462064743
24.0,19.0,937.0,916.8188547492027
24.0,20.0,976.0,955.558649122715
24.0,21.0,1017.0,996.4601314067841
24.0,22.0,1060.0,1039.5208687186241
24.0,23.0,1105.0,1084.7341348528862
24.0,24.0,1152.0,1132.0880516171455
24.0,25.0,1201.0,1181.5685941576958
24.0,26.0,1252.0,1233.1580167412758
24.0,27.0,1305.0,1286.8347096443176
24.0,28.0,1360.0,1342.5747733712196
24.0,29.0,1417.0,1400.352877318859
24.0,30.0,1476.0,1460.1402562260628
24.0,31.0,1537.0,1521.9085741639137
24.0,32.0,1600.0,1585.6273485422134
24.0,33.0,1665.0,1651.2666692137718
24.0,34.0,1732.0,1718.7966260313988
24.0,35.0,1801.0,1788.1890261769295
24.0,36.0,1872.0,1859.4162492752075
24.0,37.0,1945.0,1932.4529647231102
24.0,38.0,2020.0,2007.275416135788
24.0,39.0,2097.0,2083.8654284477234
24.0,40.0,2176.0,2162.204969704151
24.0,41.0,2257.0,2242.280015051365
24.0,42.0,2340.0,2324.0821209549904
24.0,43.0,2425.0,2407.604847431183
24.0,44.0,2512.0,2492.8444736003876
24.0,45.0,2601.0,2579.803146123886
24.0,46.0,2692.0,2668.484299659729
24.0,47.0,2785.0,2758.8933724164963
24.0,48.0,2880.0,2851.0392372608185
24.0,49.0,2977.0,2944.931911945343
25.0,0.0,625.0,612.5005666017532
25.0,1.0,626.0,615.439345896244
25.0,2.0,629.0,619.7651546001434
25.0,3.0,634.0,625.5568467378616
25.0,4.0,641.0,632.8878381252289
25.0,5.0,650.0,641.8292548060417
25.0,6.0,661.0,652.4479295015335
25.0,7.0,674.0,664.8079758286476
25.0,8.0,689.0,678.9682123064995
25.0,9.0,706.0,694.9838796854019
25.0,10.0,725.0,712.905209839344
25.0,11.0,746.0,732.7778550982475
25.0,12.0,769.0,754.6454642415047
25.0,13.0,794.0,778.5423838496208
25.0,14.0,821.0,804.5035329461098
25.0,15.0,850.0,832.5545283555984
25.0,16.0,881.0,862.7192695736885
25.0,17.0,914.0,895.0160747766495
25.0,18.0,949.0,929.4591119289398
25.0,19.0,986.0,966.0562521219254
25.0,20.0,1025.0,1004.8130766749382
25.0,21.0,1066.0,1045.7292993664742
25.0,22.0,1109.0,1088.8013424277306
25.0,23.0,1154.0,1134.0207623243332
25.0,24.0,1201.0,1181.375394642353
25.0,25.0,1250.0,1230.8496403098106
25.0,26.0,1301.0,1282.425896704197
25.0,27.0,1354.0,1336.081122994423
25.0,28.0,1409.0,1391.7927076816559
25.0,29.0,1466.0,1449.5328872799873
25.0,30.0,1525.0,1509.2753294110298
25.0,31.0,1586.0,1570.99126881361
25.0,32.0,1649.0,1634.6513677835464
25.0,33.0,1714.0,1700.2268610596657
25.0,34.0,1781.0,1767.6898420453072
25.0,35.0,1850.0,1837.0131196975708
25.0,36.0,1921.0,1908.1705047488213
25.0,37.0,1994.0,1981.1413892507553
25.0,38.0,2069.0,2055.9033048152924
25.0,39.0,2146.0,2132.439650595188
25.0,40.0,2225.0,2210.7364017367363
25.0,41.0,2306.0,2290.7825387120247
25.0,42.0,2389.0,2372.5717646479607
25.0,43.0,2474.0,2456.1005017757416
25.0,44.0,2561.0,2541.3676052093506
25.0,45.0,2650.0,2628.376080274582
25.0,46.0,2741.0,2717.1327962875366
25.0,47.0,2834.0,2807.643763899803
25.0,48.0,2929.0,2899.9184284210205
25.0,49.0,3026.0,2993.966807603836
26.0,0.0,676.0,663.573788702488
26.0,1.0,677.0,666.5512079000473
26.0,2.0,680.0,670.9080716371536
26.0,3.0,685.0,676.7226614952087
26.0,4.0,692.0,684.0713986158371
26.0,5.0,701.0,693.0261245965958
26.0,6.0,712.0,703.6558188199997
26.0,7.0,725.0,716.024308681488
26.0,8.0,740.0,730.1931318044662
26.0,9.0,757.0,746.2165271639824
26.0,10.0,776.0,764.1463008522987
26.0,11.0,797.0,784.0299656391144
26.0,12.0,820.0,805.9084511995316
26.0,13.0,845.0,829.8193956613541
26.0,14.0,872.0,855.7942833900452
26.0,15.0,901.0,883.8611640930176
26.0,16.0,932.0,914.0419337153435
26.0,17.0,965.0,946.3553397655487
26.0,18.0,1000.0,980.8134035468102
26.0,19.0,1037.0,1017.424568593502
26.0,20.0,1076.0,1056.1931282281876
26.0,21.0,1117.0,1097.116649568081
26.0,22.0,1160.0,1140.19227039814
26.0,23.0,1205.0,1185.409400522709
26.0,24.0,1252.0,1232.7564479708672
26.0,25.0,1301.0,1282.2166687846184
26.0,26.0,1352.0,1333.7705999016762
26.0,27.0,1405.0,1387.3962022662163
26.0,28.0,1460.0,1443.0701488256454
26.0,29.0,1517.0,1500.7659640908241
26.0,30.0,1576.0,1560.4563139081001
26.0,31.0,1637.0,1622.1140072345734
26.0,32.0,1700.0,1685.7104219198227
26.0,33.0,1765.0,1751.2193686962128
26.0,34.0,1832.0,1818.612940967083
26.0,35.0,1901.0,1887.866380572319
26.0,36.0,1972.0,1958.9572191238403
26.0,37.0,2045.0,2031.8645624518394
26.0,38.0,2120.0,2106.570235490799
26.0,39.0,2197.0,2183.0604996085167
26.0,40.0,2276.0,2261.3231903910637
26.0,41.0,2357.0,2341.3512954115868
26.0,42.0,2440.0,2423.139233350754
26.0,43.0,2525.0,2506.686145544052
26.0,44.0,2612.0,2591.9941786527634
26.0,45.0,2701.0,2679.0687708854675
26.0,46.0,2792.0,2767.9153604507446
26.0,47.0,2885.0,2858.542247772217
26.0,48.0,2980.0,2950.959164381027
26.0,49.0,3077.0,3045.1746969223022
27.0,0.0,729.0,716.6796128153801
27.0,1.0,730.0,719.7118434309959
27.0,2.0,733.0,724.113071501255
27.0,3.0,738.0,729.9642977118492
27.0,4.0,745.0,737.3429449796677
27.0,5.0,754.0,746.3222860097885
27.0,6.0,765.0,756.9721588492393
27.0,7.0,778.0,769.3582513332367
27.0,8.0,793.0,783.542101085186
27.0,9.0,810.0,799.5798075199127
27.0,10.0,829.0,817.5231767296791
27.0,11.0,850.0,837.4201508164406
27.0,12.0,873.0,859.3122318983078
27.0,13.0,898.0,883.2369149923325
27.0,14.0,925.0,909.2262569069862
27.0,15.0,954.0,937.3073055744171
27.0,16.0,985.0,967.5022431612015
27.0,17.0,1018.0,999.8276705145836
27.0,18.0,1053.0,1034.296467602253
27.0,19.0,1090.0,1070.9163624048233
27.0,20.0,1129.0,1109.6895015835762
27.0,21.0,1170.0,1150.6141678094864
27.0,22.0,1213.0,1193.6856384277344
27.0,23.0,1258.0,1238.8930370211601
27.0,24.0,1305.0,1286.2230542898178
27.0,25.0,1354.0,1335.6598049402237
27.0,26.0,1405.0,1387.183253467083
27.0,27.0,1458.0,1440.770931482315
27.0,28.0,1513.0,1496.3996550440788
27.0,29.0,1570.0,1554.043234884739
27.0,30.0,1629.0,1613.6760541796684
27.0,31.0,1690.0,1675.2697769999504
27.0,32.0,1753.0,1738.798786520958
27.0,33.0,1818.0,1804.2374659180641
27.0,34.0,1885.0,1871.5613432526588
27.0,35.0,1954.0,1940.7456603646278
27.0,36.0,2025.0,2011.7720990777016
27.0,37.0,2098.0,2084.620480775833
27.0,38.0,2173.0,2159.2769237160683
27.0,39.0,2250.0,2235.729263484478
27.0,40.0,2329.0,2313.9681978821754
27.0,41.0,2410.0,2393.988861143589
27.0,42.0,2493.0,2475.788820385933
27.0,43.0,2578.0,2559.36893427372
27.0,44.0,2665.0,2644.7330667972565
27.0,45.0,2754.0,2731.886656165123
27.0,46.0,2845.0,2820.8377165794373
27.0,47.0,2938.0,2911.593976020813
27.0,48.0,3033.0,3004.1654522418976
27.0,49.0,3130.0,3098.5584421157837
28.0,0.0,784.0,771.814461171627
28.0,1.0,785.0,774.9166729450226
28.0,2.0,788.0,779.3771488666534
28.0,3.0,793.0,785.2781776189804
28.0,4.0,800.0,792.6984701156616
28.0,5.0,809.0,801.7131595015526
28.0,6.0,820.0,812.3926562666893
28.0,7.0,833.0,824.8046517968178
28.0,8.0,848.0,839.010111272335
28.0,9.0,865.0,855.0677101016045
28.0,10.0,884.0,873.0289681553841
28.0,11.0,905.0,892.9425430893898
28.0,12.0,928.0,914.8503663539886
28.0,13.0,953.0,938.7890743017197
28.0,14.0,980.0,964.7921548485756
28.0,15.0,1009.0,992.8855110406876
28.0,16.0,1040.0,1023.0907526016235
28.0,17.0,1073.0,1055.4250528216362
28.0,18.0,1108.0,1089.899860560894
28.0,19.0,1145.0,1126.5210433602333
28.0,20.0,1184.0,1165.2923220992088
28.0,21.0,1225.0,1206.2104052305222
28.0,22.0,1268.0,1249.2688527703285
28.0,23.0,1313.0,1294.4579331874847
28.0,24.0,1360.0,1341.7633354067802
28.0,25.0,1409.0,1391.1680292487144
28.0,26.0,1460.0,1442.6518360972404
28.0,27.0,1513.0,1496.1937186717987
28.0,28.0,1568.0,1551.7694912552834
28.0,29.0,1625.0,1609.3545387983322
28.0,30.0,1684.0,1668.9231013655663
28.0,31.0,1745.0,1730.4492759108543
28.0,32.0,1808.0,1793.9078749418259
28.0,33.0,1873.0,1859.2752851843834
28.0,34.0,1940.0,1926.5291813611984
28.0,35.0,2009.0,1995.647810637951
28.0,36.0,2080.0,2066.612568616867
28.0,37.0,2153.0,2139.408858001232
28.0,38.0,2228.0,2214.0239419341087
28.0,39.0,2305.0,2290.4468008875847
28.0,40.0,2384.0,2368.6737139821053
28.0,41.0,2465.0,2448.699958562851
28.0,42.0,2548.0,2530.525534629822
28.0,43.0,2633.0,2614.152302622795
28.0,44.0,2720.0,2699.586845636368
28.0,45.0,2809.0,2786.834888100624
28.0,46.0,2900.0,2875.904444217682
28.0,47.0,2993.0,2966.8026695251465
28.0,48.0,3088.0,3059.539295554161
28.0,49.0,3185.0,3154.117470741272
29.0,0.0,841.0,828.9690315723419
29.0,1.0,842.0,832.1565373539925
29.0,2.0,845.0,836.6908584237099
29.0,3.0,850.0,842.6554283499718
29.0,4.0,857.0,850.1296736001968
29.0,5.0,866.0,859.190587759018
29.0,6.0,877.0,869.9092968702316
29.0,7.0,890.0,882.354923427105
29.0,8.0,905.0,896.5894343852997
29.0,9.0,922.0,912.6723638176918
29.0,10.0,941.0,930.6556609272957
29.0,11.0,962.0,950.5888420343399
29.0,12.0,985.0,972.5131230354309
29.0,13.0,1010.0,996.4671438336372
29.0,14.0,1037.0,1022.4818163514137
29.0,15.0,1066.0,1050.5844747424126
29.0,16.0,1097.0,1080.797158062458
29.0,17.0,1130.0,1113.134606719017
29.0,18.0,1165.0,1147.6091282367706
29.0,19.0,1202.0,1184.2265901565552
29.0,20.0,1241.0,1222.9881373643875
29.0,21.0,1282.0,1263.8917663097382
29.0,22.0,1325.0,1306.929319679737
29.0,23.0,1370.0,1352.0913521647453
29.0,24.0,1417.0,1399.3626940250397
29.0,25.0,1466.0,1448.7264581918716
29.0,26.0,1517.0,1500.1631816029549
29.0,27.0,1570.0,1553.6509683132172
29.0,28.0,1625.0,1609.1677792668343
29.0,29.0,1682.0,1666.687711417675
29.0,30.0,1741.0,1726.1874377131462
29.0,31.0,1802.0,1787.6421999931335
29.0,32.0,1865.0,1851.0292436480522
29.0,33.0,1930.0,1916.325384736061
29.0,34.0,1997.0,1983.510015308857
29.0,35.0,2066.0,2052.565818965435
29.0,36.0,2137.0,2123.4753361940384
29.0,37.0,2210.0,2196.226402580738
29.0,38.0,2285.0,2270.807998597622
29.0,39.0,2362.0,2347.2139704823494
29.0,40.0,2441.0,2425.439881801605
29.0,41.0,2522.0,2505.484015226364
29.0,42.0,2605.0,2587.349089860916
29.0,43.0,2690.0,2671.0385403633118
29.0,44.0,2777.0,2756.557804942131
29.0,45.0,2866.0,2843.9143253564835
29.0,46.0,2957.0,2933.114684700966
29.0,47.0,3050.0,3024.166610956192
29.0,48.0,3145.0,3117.0764009952545
29.0,49.0,3242.0,3211.846058368683
30.0,0.0,900.0,888.1311596035957
30.0,1.0,901.0,891.4207033514977
30.0,2.0,904.0,896.0437530875206
30.0,3.0,909.0,902.084744155407
30.0,4.0,916.0,909.6255359053612
30.0,5.0,925.0,918.7432650327682
30.0,6.0,936.0,929.5109180212021
30.0,7.0,949.0,941.9980466961861
30.0,8.0,964.0,956.2681922316551
30.0,9.0,981.0,972.3814611434937
30.0,10.0,1000.0,990.3906612992287
30.0,11.0,1021.0,1010.3454521298409
30.0,12.0,1044.0,1032.287478864193
30.0,13.0,1069.0,1056.2553814053535
30.0,14.0,1096.0,1082.2813596725464
30.0,15.0,1125.0,1110.3907442688942
30.0,16.0,1156.0,1140.6060035824776
30.0,17.0,1189.0,1172.9424504637718
30.0,18.0,1224.0,1207.410961329937
30.0,19.0,1261.0,1244.0165450572968
30.0,20.0,1300.0,1282.7619207501411
30.0,21.0,1341.0,1323.6426519751549
30.0,22.0,1384.0,1366.6514400839806
30.0,23.0,1429.0,1411.7774086594582
30.0,24.0,1476.0,1459.006103515625
30.0,25.0,1525.0,1508.3207806944847
30.0,26.0,1576.0,1559.7029789090157
30.0,27.0,1629.0,1613.1302297711372
30.0,28.0,1684.0,1668.5800648927689
30.0,29.0,1741.0,1726.0304452180862
30.0,30.0,1800.0,1785.4573281407356
30.0,31.0,1861.0,1846.8388177156448
30.0,32.0,1924.0,1910.1523024439812
30.0,33.0,1989.0,1975.3786054849625
30.0,34.0,2056.0,2042.4981206655502
30.0,35.0,2125.0,2111.495535135269
30.0,36.0,2196.0,2182.355822265148
30.0,37.0,2269.0,2255.0698229670525
30.0,38.0,2344.0,2329.6288074851036
30.0,39.0,2421.0,2406.0283393859863
30.0,40.0,2500.0,2484.2658426761627
30.0,41.0,2581.0,2564.342891573906
30.0,42.0,2664.0,2646.262062072754
30.0,43.0,2749.0,2730.02764749527
30.0,44.0,2836.0,2815.6450860500336
30.0,45.0,2925.0,2903.123250603676
30.0,46.0,3016.0,2992.4664344787598
30.0,47.0,3109.0,3083.681220769882
30.0,48.0,3204.0,3176.769899249077
30.0,49.0,3301.0,3271.7333285808563
31.0,0.0,961.0,949.2858186364174
31.0,1.0,962.0,952.6931425333023
31.0,2.0,965.0,957.4199475646019
31.0,3.0,970.0,963.5513846278191
31.0,4.0,977.0,971.1706010699272
31.0,5.0,986.0,980.3560215830803
31.0,6.0,997.0,991.1822068691254
31.0,7.0,1010.0,1003.7194243073463
31.0,8.0,1025.0,1018.0325030684471
31.0,9.0,1042.0,1034.1808341145515
31.0,10.0,1061.0,1052.2195150852203
31.0,11.0,1082.0,1072.19791918993
31.0,12.0,1105.0,1094.1585503220558
31.0,13.0,1130.0,1118.1399052739143
31.0,14.0,1157.0,1144.1743270754814
31.0,15.0,1186.0,1172.2884343266487
31.0,16.0,1217.0,1202.5019763112068
31.0,17.0,1250.0,1234.8315538764
31.0,18.0,1285.0,1269.2873278856277
31.0,19.0,1322.0,1305.8753089904785
31.0,20.0,1361.0,1344.5956403017044
31.0,21.0,1402.0,1385.4453164935112
31.0,22.0,1445.0,1428.4168958067894
31.0,23.0,1490.0,1473.4986431598663
31.0,24.0,1537.0,1520.6772492527962
31.0,25.0,1586.0,1569.9356839060783
31.0,26.0,1637.0,1621.2543409466743
31.0,27.0,1690.0,1674.614043533802
31.0,28.0,1745.0,1729.9927526116371
31.0,29.0,1802.0,1787.3690015673637
31.0,30.0,1861.0,1846.7210375666618
31.0,31.0,1922.0,1908.0269646644592
31.0,32.0,1985.0,1971.2688940167427
31.0,33.0,2050.0,2036.4265038967133
31.0,34.0,2117.0,2103.4843383431435
31.0,35.0,2186.0,2172.429660499096
31.0,36.0,2257.0,2243.2485886216164
31.0,37.0,2330.0,2315.935684502125
31.0,38.0,2405.0,2390.482647716999
31.0,39.0,2482.0,2466.8884764909744
31.0,40.0,2561.0,2545.152025938034
31.0,41.0,2642.0,2625.2751564979553
31.0,42.0,2725.0,2707.261589050293
31.0,43.0,2810.0,2791.1176204681396
31.0,44.0,2897.0,2876.8472578525543
31.0,45.0,2986.0,2964.458515405655
31.0,46.0,3077.0,3053.953682899475
31.0,47.0,3170.0,3145.3373398780823
31.0,48.0,3265.0,3238.6083414554596
31.0,49.0,3362.0,3333.7635391950607
32.0,0.0,1024.0,1012.4145473837852
32.0,1.0,1025.0,1015.9565384984016
32.0,2.0,1028.0,1020.8019823431969
32.0,3.0,1033.0,1027.0381764769554
32.0,4.0,1040.0,1034.7481251358986
32.0,5.0,1049.0,1044.0122565627098
32.0,6.0,1060.0,1054.9068487882614
32.0,7.0,1073.0,1067.5013105273247
32.0,8.0,1088.0,1081.8633331656456
32.0,9.0,1105.0,1098.0525938868523
32.0,10.0,1124.0,1116.1239041090012
32.0,11.0,1145.0,1136.1274957060814
32.0,12.0,1168.0,1158.108162343502
32.0,13.0,1193.0,1182.1025403738022
32.0,14.0,1220.0,1208.1428297162056
32.0,15.0,1249.0,1236.257223188877
32.0,16.0,1280.0,1266.4647545218468
32.0,17.0,1313.0,1298.7830263376236
32.0,18.0,1348.0,1333.2196235060692
32.0,19.0,1385.0,1369.7821308970451
32.0,20.0,1424.0,1408.4706916213036
32.0,21.0,1465.0,1449.2810123562813
32.0,22.0,1508.0,1492.2069393396378
32.0,23.0,1553.0,1537.2373099327087
32.0,24.0,1600.0,1584.3570975065231
32.0,25.0,1649.0,1633.5508460998535
32.0,26.0,1700.0,1684.801239311695
32.0,27.0,1753.0,1738.0876691937447
32.0,28.0,1808.0,1793.390815794468
32.0,29.0,1865.0,1850.689212501049
32.0,30.0,1924.0,1909.9645411372185
32.0,31.0,1985.0,1971.196050643921
32.0,32.0,2048.0,2034.3664246201515
32.0,33.0,2113.0,2099.460493326187
32.0,34.0,2180.0,2166.4619421362877
32.0,35.0,2249.0,2235.3617550730705
32.0,36.0,2320.0,2306.1491988301277
32.0,37.0,2393.0,2378.8188351988792
32.0,38.0,2468.0,2453.366513967514
32.0,39.0,2545.0,2529.7910902500153
32.0,40.0,2624.0,2608.093852043152
32.0,41.0,2705.0,2688.277661561966
32.0,42.0,2788.0,2770.3465259075165
32.0,43.0,2873.0,2854.305310845375
32.0,44.0,2960.0,2940.158309698105
32.0,45.0,3049.0,3027.910960674286
32.0,46.0,3140.0,3117.5664122104645
32.0,47.0,3233.0,3209.1220883131027
32.0,48.0,3328.0,3302.5754129886627
32.0,49.0,3425.0,3397.916368484497
33.0,0.0,1089.0,1077.4947343468666
33.0,1.0,1090.0,1081.1879935264587
33.0,2.0,1093.0,1086.167532145977
33.0,3.0,1098.0,1092.5223650932312
33.0,4.0,1105.0,1100.3357828259468
33.0,5.0,1114.0,1109.6902171373367
33.0,6.0,1125.0,1120.6623753905296
33.0,7.0,1138.0,1133.323383629322
33.0,8.0,1153.0,1147.7397883534431
33.0,9.0,1170.0,1163.9745582938194
33.0,10.0,1189.0,1182.0827910900116
33.0,11.0,1210.0,1202.1141461730003
33.0,12.0,1233.0,1224.1144189834595
33.0,13.0,1258.0,1248.120245873928
33.0,14.0,1285.0,1274.1655440926552
33.0,15.0,1314.0,1302.2765029072762
33.0,16.0,1345.0,1332.4740164875984
33.0,17.0,1378.0,1364.7738270163536
33.0,18.0,1413.0,1399.1859522461891
33.0,19.0,1450.0,1435.715973496437
33.0,20.0,1489.0,1474.3648925423622
33.0,21.0,1530.0,1515.129417836666
33.0,22.0,1573.0,1558.001678287983
33.0,23.0,1618.0,1602.9719423651695
33.0,24.0,1665.0,1650.0263283252716
33.0,25.0,1714.0,1699.1499526500702
33.0,26.0,1765.0,1750.3253558278084
33.0,27.0,1818.0,1803.5337903499603
33.0,28.0,1873.0,1858.7577967047691
33.0,29.0,1930.0,1915.9777687191963
33.0,30.0,1989.0,1975.174958884716
33.0,31.0,2050.0,2036.3329094648361
33.0,32.0,2113.0,2099.436164498329
33.0,33.0,2178.0,2164.4699835777283
33.0,34.0,2245.0,2231.422774732113
33.0,35.0,2314.0,2300.2859513163567
33.0,36.0,2385.0,2371.0510697960854
33.0,37.0,2458.0,2443.715411067009
33.0,38.0,2533.0,2518.275826692581
33.0,39.0,2610.0,2594.7333184480667
33.0,40.0,2689.0,2673.088458776474
33.0,41.0,2770.0,2753.345541000366
33.0,42.0,2853.0,2835.5091446638107
33.0,43.0,2938.0,2919.5821319818497
33.0,44.0,3025.0,3005.569654941559
33.0,45.0,3114.0,3093.4717135429382
33.0,46.0,3205.0,3183.290025115013
33.0,47.0,3298.0,3275.018579006195
33.0,48.0,3393.0,3368.6482161283493
33.0,49.0,3490.0,3464.165484070778
34.0,0.0,1156.0,1144.5011920332909
34.0,1.0,1157.0,1148.362320125103
34.0,2.0,1160.0,1153.4925543665886
34.0,3.0,1165.0,1159.9800509810448
34.0,4.0,1172.0,1167.9103901982307
34.0,5.0,1181.0,1177.3665762543678
34.0,6.0,1192.0,1188.425602734089
34.0,7.0,1205.0,1201.1601698994637
34.0,8.0,1220.0,1215.6394002437592
34.0,9.0,1237.0,1231.9244020581245
34.0,10.0,1256.0,1250.072419643402
34.0,11.0,1277.0,1270.133827984333
34.0,12.0,1300.0,1292.154279410839
34.0,13.0,1325.0,1316.1711258292198
34.0,14.0,1352.0,1342.2184275984764
34.0,15.0,1381.0,1370.3226602077484
34.0,16.0,1412.0,1400.5052902698517
34.0,17.0,1445.0,1432.7816306352615
34.0,18.0,1480.0,1467.162557721138
34.0,19.0,1517.0,1503.6540821790695
34.0,20.0,1556.0,1542.2566333413124
34.0,21.0,1597.0,1582.9670627713203
34.0,22.0,1640.0,1625.7786442637444
34.0,23.0,1685.0,1670.6820756196976
34.0,24.0,1732.0,1717.6646199822426
34.0,25.0,1781.0,1766.7118231654167
34.0,26.0,1832.0,1817.807513654232
34.0,27.0,1885.0,1870.9359492659569
34.0,28.0,1940.0,1926.0782393813133
34.0,29.0,1997.0,1983.217783153057
34.0,30.0,2056.0,2042.3389815092087
34.0,31.0,2117.0,2103.4265215992928
34.0,32.0,2180.0,2166.4660923480988
34.0,33.0,2245.0,2231.446244895458
34.0,34.0,2312.0,2298.358821928501
34.0,35.0,2381.0,2367.193948805332
34.0,36.0,2452.0,2437.9489064216614
34.0,37.0,2525.0,2510.6194014549255
34.0,38.0,2600.0,2585.2052907943726
34.0,39.0,2677.0,2661.7080055475235
34.0,40.0,2756.0,2740.1292630434036
34.0,41.0,2837.0,2820.4736428260803
34.0,42.0,2920.0,2902.742862224579
34.0,43.0,3005.0,2986.9412145614624
34.0,44.0,3092.0,3073.0695585012436
34.0,45.0,3181.0,3161.125890493393
34.0,46.0,3272.0,3251.107062101364
34.0,47.0,3365.0,3343.003628015518
34.0,48.0,3460.0,3436.8012771606445
34.0,49.0,3557.0,3532.47940158844
35.0,0.0,1225.0,1213.4035809636116
35.0,1.0,1226.0,1217.4510392546654
35.0,2.0,1229.0,1222.7472819685936
35.0,3.0,1234.0,1229.3820395469666
35.0,4.0,1241.0,1237.4424664378166
35.0,5.0,1250.0,1247.0117099881172
35.0,6.0,1261.0,1258.1683380007744
35.0,7.0,1274.0,1270.9859094023705
35.0,8.0,1289.0,1285.5339760184288
35.0,9.0,1306.0,1301.8749341368675
35.0,10.0,1325.0,1320.066028058529
35.0,11.0,1346.0,1340.1596363186836
35.0,12.0,1369.0,1362.2001232504845
35.0,13.0,1394.0,1386.227559864521
35.0,14.0,1421.0,1412.2751478552818
35.0,15.0,1450.0,1440.3692196011543
35.0,16.0,1481.0,1470.5323866009712
35.0,17.0,1514.0,1502.7809634804726
35.0,18.0,1549.0,1537.1248248815536
35.0,19.0,1586.0,1573.5712694525719
35.0,20.0,1625.0,1612.1204403042793
35.0,21.0,1666.0,1652.7706201076508
35.0,22.0,1709.0,1695.5152257680893
35.0,23.0,1754.0,1740.346099972725
35.0,24.0,1801.0,1787.2513645291328
35.0,25.0,1850.0,1836.2178532481194
35.0,26.0,1901.0,1887.2309688329697
35.0,27.0,1954.0,1940.2753984332085
35.0,28.0,2009.0,1995.3359723091125
35.0,29.0,2066.0,2052.3960896134377
35.0,30.0,2125.0,2111.443872153759
35.0,31.0,2186.0,2172.4642933011055
35.0,32.0,2249.0,2235.446476638317
35.0,33.0,2314.0,2300.381263077259
35.0,34.0,2381.0,2367.261497080326
35.0,35.0,2450.0,2436.0798799991608
35.0,36.0,2521.0,2506.8344082832336
35.0,37.0,2594.0,2579.52408015728
35.0,38.0,2669.0,2654.1486093997955
35.0,39.0,2746.0,2730.710285782814
35.0,40.0,2825.0,2809.2102541923523
35.0,41.0,2906.0,2889.6525217294693
35.0,42.0,2989.0,2972.038233280182
35.0,43.0,3074.0,3056.368819952011
35.0,44.0,3161.0,3142.641705751419
35.0,45.0,3250.0,3230.853456020355
35.0,46.0,3341.0,3320.994911670685
35.0,47.0,3434.0,3413.051189184189
35.0,48.0,3529.0,3507.00139439106
35.0,49.0,3626.0,3602.8191949129105
36.0,0.0,1296.0,1284.170846104622
36.0,1.0,1297.0,1288.4220941066742
36.0,2.0,1300.0,1293.9009461402893
36.0,3.0,1305.0,1300.6985637545586
36.0,4.0,1312.0,1308.9022445082664
36.0,5.0,1321.0,1318.5965668559074
36.0,6.0,1332.0,1329.860814154148
36.0,7.0,1345.0,1342.770119547844
36.0,8.0,1360.0,1357.393605530262
36.0,9.0,1377.0,1373.795958161354
36.0,10.0,1396.0,1392.0349941849709
36.0,11.0,1417.0,1412.161804139614
36.0,12.0,1440.0,1434.224043905735
36.0,13.0,1465.0,1458.2612120509148
36.0,14.0,1492.0,1484.306653380394
36.0,15.0,1521.0,1512.3889900445938
36.0,16.0,1552.0,1542.5291162133217
36.0,17.0,1585.0,1574.7444913983345
36.0,18.0,1620.0,1609.046850681305
36.0,19.0,1657.0,1645.4412029385567
36.0,20.0,1696.0,1683.9316983819008
36.0,21.0,1737.0,1724.5160472393036
36.0,22.0,1780.0,1767.1882388591766
36.0,23.0,1825.0,1811.941547036171
36.0,24.0,1872.0,1858.7646660208702
36.0,25.0,1921.0,1907.6468625068665
36.0,26.0,1972.0,1958.574970304966
36.0,27.0,2025.0,2011.5349645614624
36.0,28.0,2080.0,2066.5141084194183
36.0,29.0,2137.0,2123.497518360615
36.0,30.0,2196.0,2182.4751766324043
36.0,31.0,2257.0,2243.4340601563454
36.0,32.0,2320.0,2306.36615473032
36.0,33.0,2385.0,2371.264304816723
36.0,34.0,2452.0,2438.1212117671967
36.0,35.0,2521.0,2506.935158252716
36.0,36.0,2592.0,2577.7025665044785
36.0,37.0,2665.0,2650.423436522484
36.0,38.0,2740.0,2725.098913192749
36.0,39.0,2817.0,2801.731858730316
36.0,40.0,2896.0,2880.321986913681
36.0,41.0,2977.0,2960.8721599578857
36.0,42.0,3060.0,3043.381805419922
36.0,43.0,3145.0,3127.849205970764
36.0,44.0,3232.0,3214.269495844841
36.0,45.0,3321.0,3302.6320848464966
36.0,46.0,3412.0,3392.9255241155624
36.0,47.0,3505.0,3485.127202153206
36.0,48.0,3600.0,3579.210214138031
36.0,49.0,3697.0,3675.1402134895325
37.0,0.0,1369.0,1356.7670666575432
37.0,1.0,1370.0,1361.2407087683678
37.0,2.0,1373.0,1366.918770968914
37.0,3.0,1378.0,1373.894561469555
37.0,4.0,1385.0,1382.2559502720833
37.0,5.0,1394.0,1392.0870864987373
37.0,6.0,1405.0,1403.47040194273
37.0,7.0,1418.0,1416.4800279736519
37.0,8.0,1433.0,1431.1872337460518
37.0,9.0,1450.0,1447.656132876873
37.0,10.0,1469.0,1465.9462594389915
37.0,11.0,1490.0,1486.1108506321907
37.0,12.0,1513.0,1508.1959881186485
37.0,13.0,1538.0,1532.242315351963
37.0,14.0,1565.0,1558.2853237986565
37.0,15.0,1594.0,1586.3513458371162
37.0,16.0,1625.0,1616.4658551812172
37.0,17.0,1658.0,1648.6440215706825
37.0,18.0,1693.0,1682.8994405269623
37.0,19.0,1730.0,1719.2386951446533
37.0,20.0,1769.0,1757.6646476387978
37.0,21.0,1810.0,1798.1775842308998
37.0,22.0,1853.0,1840.7733547091484
37.0,23.0,1898.0,1885.4448035359383
37.0,24.0,1945.0,1932.1839165091515
37.0,25.0,1994.0,1980.9795309901237
37.0,26.0,2045.0,2031.822058558464
37.0,27.0,2098.0,2084.698619246483
37.0,28.0,2153.0,2139.5974779725075
37.0,29.0,2210.0,2196.508044540882
37.0,30.0,2269.0,2255.4201580882072
37.0,31.0,2330.0,2316.3252319693565
37.0,32.0,2393.0,2379.2158244252205
37.0,33.0,2458.0,2444.0854954719543
37.0,34.0,2525.0,2510.9319553375244
37.0,35.0,2594.0,2579.751626253128
37.0,36.0,2665.0,2650.5433633327484
37.0,37.0,2738.0,2723.309170126915
37.0,38.0,2813.0,2798.0487604141235
37.0,39.0,2890.0,2874.7629928588867
37.0,40.0,2969.0,2953.4532985687256
37.0,41.0,3050.0,3034.1191051006317
37.0,42.0,3133.0,3116.7569777965546
37.0,43.0,3218.0,3201.362909555435
37.0,44.0,3305.0,3287.9271688461304
37.0,45.0,3394.0,3376.4342997074127
37.0,46.0,3485.0,3466.8654115200043
37.0,47.0,3578.0,3559.193313241005
37.0,48.0,3673.0,3653.383372068405
37.0,49.0,3770.0,3749.392368555069
38.0,0.0,1444.0,1431.1544613838196
38.0,1.0,1445.0,1435.868815779686
38.0,2.0,1448.0,1441.764549434185
38.0,3.0,1453.0,1448.9335394501686
38.0,4.0,1460.0,1457.4663749337196
38.0,5.0,1469.0,1467.4486361145973
38.0,6.0,1480.0,1478.9613236784935
38.0,7.0,1493.0,1492.0811449885368
38.0,8.0,1508.0,1506.8789398670197
38.0,9.0,1525.0,1523.4215410351753
38.0,10.0,1544.0,1541.7677670121193
38.0,11.0,1565.0,1561.972429215908
38.0,12.0,1588.0,1584.0818955302238
38.0,13.0,1613.0,1608.13852673769
38.0,14.0,1640.0,1634.1766694188118
38.0,15.0,1669.0,1662.2266630530357
38.0,16.0,1700.0,1692.3119778037071
38.0,17.0,1733.0,1724.450359404087
38.0,18.0,1768.0,1758.6549740433693
38.0,19.0,1805.0,1794.9345514774323
38.0,20.0,1844.0,1833.293385028839
38.0,21.0,1885.0,1873.7314746975899
38.0,22.0,1928.0,1916.2471031546593
38.0,23.0,1973.0,1960.8349753022194
38.0,24.0,2020.0,2007.4873631596565
38.0,25.0,2069.0,2056.196538746357
38.0,26.0,2120.0,2106.9539154171944
38.0,27.0,2173.0,2159.7484736442566
38.0,28.0,2228.0,2214.571483671665
38.0,29.0,2285.0,2271.4139295220375
38.0,30.0,2344.0,2330.2673676609993
38.0,31.0,2405.0,2391.1260736584663
38.0,32.0,2468.0,2453.9841799736023
38.0,33.0,2533.0,2518.837393283844
38.0,34.0,2600.0,2585.683853149414
38.0,35.0,2669.0,2654.521269798279
38.0,36.0,2740.0,2725.3510743379593
38.0,37.0,2813.0,2798.172408103943
38.0,38.0,2888.0,2872.9855573177338
38.0,39.0,2965.0,2949.791953086853
38.0,40.0,3044.0,3028.590736746788
38.0,41.0,3125.0,3109.377042531967
38.0,42.0,3208.0,3192.146290898323
38.0,43.0,3293.0,3276.888177871704
38.0,44.0,3380.0,3363.5883923768997
38.0,45.0,3469.0,3452.226898908615
38.0,46.0,3560.0,3542.7782237529755
38.0,47.0,3653.0,3635.2065892219543
38.0,48.0,3748.0,3729.4696345329285
38.0,49.0,3845.0,3825.5181295871735
39.0,0.0,1521.0,1507.292386829853
39.0,1.0,1522.0,1512.2666303515434
39.0,2.0,1525.0,1518.3967794179916
39.0,3.0,1530.0,1525.7762853503227
39.0,4.0,1537.0,1534.4957372546196
39.0,5.0,1546.0,1544.641430914402
39.0,6.0,1557.0,1556.2957981228828
39.0,7.0,1570.0,1569.5354031324387
39.0,8.0,1585.0,1584.4332324266434
39.0,9.0,1602.0,1601.0558325052261
39.0,10.0,1621.0,1619.4631667733192
39.0,11.0,1642.0,1639.7117639780045
39.0,12.0,1665.0,1661.847992002964
39.0,13.0,1690.0,1685.9156427383423
39.0,14.0,1717.0,1711.9502076506615
39.0,15.0,1746.0,1739.9824555516243
39.0,16.0,1777.0,1770.0374308228493
39.0,17.0,1810.0,1802.1328791975975
39.0,18.0,1845.0,1836.2845428586006
39.0,19.0,1882.0,1872.5012946724892
39.0,20.0,1921.0,1910.7898608446121
39.0,21.0,1962.0,1951.1503844857216
39.0,22.0,2005.0,1993.584726035595
39.0,23.0,2050.0,2038.0868748426437
39.0,24.0,2097.0,2084.653968691826
39.0,25.0,2146.0,2133.277707159519
39.0,26.0,2197.0,2183.9520795941353
39.0,27.0,2250.0,2236.668928682804
39.0,28.0,2305.0,2291.420812666416
39.0,29.0,2362.0,2348.201434671879
39.0,30.0,2421.0,2407.0043547153473
39.0,31.0,2482.0,2467.8264243602753
39.0,32.0,2545.0,2530.6620622873306
39.0,33.0,2610.0,2595.5101236104965
39.0,34.0,2677.0,2662.3683185577393
39.0,35.0,2746.0,2731.2360746860504
39.0,36.0,2817.0,2802.1142506599426
39.0,37.0,2890.0,2875.0022740364075
39.0,38.0,2965.0,2949.9010034799576
39.0,39.0,3042.0,3026.80614566803
39.0,40.0,3121.0,3105.7179868221283
39.0,41.0,3202.0,3186.6265091896057
39.0,42.0,3285.0,3269.5242710113525
39.0,43.0,3370.0,3354.395243883133
39.0,44.0,3457.0,3441.2199647426605
39.0,45.0,3546.0,3529.972387433052
39.0,46.0,3637.0,3620.617879152298
39.0,47.0,3730.0,3713.1149377822876
39.0,48.0,3825.0,3807.413474559784
39.0,49.0,3922.0,3903.4533829689026
40.0,0.0,1600.0,1585.1377666592598
40.0,1.0,1601.0,1590.390789926052
40.0,2.0,1604.0,1596.7745312452316
40.0,3.0,1609.0,1604.3814401626587
40.0,4.0,1616.0,1613.3028213381767
40.0,5.0,1625.0,1623.6258292198181
40.0,6.0,1636.0,1635.4337542653084
40.0,7.0,1649.0,1648.8037331700325
40.0,8.0,1664.0,1663.8104697465897
40.0,9.0,1681.0,1680.520510494709
40.0,10.0,1700.0,1698.9961085915565
40.0,11.0,1721.0,1719.292361676693
40.0,12.0,1744.0,1741.4595016241074
40.0,13.0,1769.0,1765.5396029949188
40.0,14.0,1796.0,1791.571305692196
40.0,15.0,1825.0,1819.5858078598976
40.0,16.0,1856.0,1849.6091556549072
40.0,17.0,1889.0,1881.6612414717674
40.0,18.0,1924.0,1915.7583799362183
40.0,19.0,1961.0,1951.9114474654198
40.0,20.0,2000.0,1990.1274564862251
40.0,21.0,2041.0,2030.4111296534538
40.0,22.0,2084.0,2072.762896299362
40.0,23.0,2129.0,2117.181325316429
40.0,24.0,2176.0,2163.6624096035957
40.0,25.0,2225.0,2212.2038593888283
40.0,26.0,2276.0,2262.798948466778
40.0,27.0,2329.0,2315.443383514881
40.0,28.0,2384.0,2370.13115388155
40.0,29.0,2441.0,2426.858395576477
40.0,30.0,2500.0,2485.6208152770996
40.0,31.0,2561.0,2546.4154076576233
40.0,32.0,2624.0,2609.240455389023
40.0,33.0,2689.0,2674.0939549207687
40.0,34.0,2756.0,2740.975620031357
40.0,35.0,2825.0,2809.885450720787
40.0,36.0,2896.0,2880.8234469890594
40.0,37.0,2969.0,2953.788177728653
40.0,38.0,3044.0,3028.778784275055
40.0,39.0,3121.0,3105.789542198181
40.0,40.0,3200.0,3184.815299510956
40.0,41.0,3281.0,3265.8446073532104
40.0,42.0,3364.0,3348.8642995357513
40.0,43.0,3449.0,3433.8526232242584
40.0,44.0,3536.0,3520.784104704857
40.0,45.0,3625.0,3609.6258285045624
40.0,46.0,3716.0,3700.3354338407516
40.0,47.0,3809.0,3792.863404393196
40.0,48.0,3904.0,3887.150778532028
40.0,49.0,4001.0,3983.128863096237
41.0,0.0,1681.0,1664.6438036561012
41.0,1.0,1682.0,1670.1972163915634
41.0,2.0,1685.0,1676.8521525859833
41.0,3.0,1690.0,1684.7044964432716
41.0,4.0,1697.0,1693.8435490727425
41.0,5.0,1706.0,1704.3583253622055
41.0,6.0,1717.0,1716.3328313231468
41.0,7.0,1730.0,1729.8459209799767
41.0,8.0,1745.0,1744.970723927021
41.0,9.0,1762.0,1761.7766488790512
41.0,10.0,1781.0,1780.3259490132332
41.0,11.0,1802.0,1800.6764410734177
41.0,12.0,1825.0,1822.877212047577
41.0,13.0,1850.0,1846.9737711548805
41.0,14.0,1877.0,1873.004615187645
41.0,15.0,1906.0,1901.0022302865982
41.0,16.0,1937.0,1930.9952386021614
41.0,17.0,1970.0,1963.0038187503815
41.0,18.0,2005.0,1997.0460026860237
41.0,19.0,2042.0,2033.135242819786
41.0,20.0,2081.0,2071.280125796795
41.0,21.0,2122.0,2111.4868053793907
41.0,22.0,2165.0,2153.7577144503593
41.0,23.0,2210.0,2198.093425452709
41.0,24.0,2257.0,2244.4942246079445
41.0,25.0,2306.0,2292.9566772580147
41.0,26.0,2357.0,2343.4790660738945
41.0,27.0,2410.0,2396.057097733021
41.0,28.0,2465.0,2450.6891980171204
41.0,29.0,2522.0,2507.3719322681427
41.0,30.0,2581.0,2566.1034400463104
41.0,31.0,2642.0,2626.8820040225983
41.0,32.0,2705.0,2689.707051753998
41.0,33.0,2770.0,2754.578583240509
41.0,34.0,2837.0,2821.4960260391235
41.0,35.0,2906.0,2890.458807706833
41.0,36.0,2977.0,2961.4657833576202
41.0,37.0,3050.0,3034.5152356624603
41.0,38.0,3125.0,3109.6025850772858
41.0,39.0,3202.0,3186.720103621483
41.0,40.0,3281.0,3265.858918428421
41.0,41.0,3362.0,3347.003859758377
41.0,42.0,3445.0,3430.133460998535
41.0,43.0,3530.0,3515.2225346565247
41.0,44.0,3617.0,3602.2381652593613
41.0,45.0,3706.0,3691.1377058029175
41.0,46.0,3797.0,3781.8742159605026
41.0,47.0,3890.0,3874.3878754377365
41.0,48.0,3985.0,3968.610563516617
41.0,49.0,4082.0,4064.4661452770233
42.0,0.0,1764.0,1745.7644161581993
42.0,1.0,1765.0,1751.6376814246178
42.0,2.0,1768.0,1758.5848497748375
42.0,3.0,1773.0,1766.6996587514877
42.0,4.0,1780.0,1776.0736992359161
42.0,5.0,1789.0,1786.7962723374367
42.0,6.0,1800.0,1798.950954735279
42.0,7.0,1813.0,1812.6181746721268
42.0,8.0,1828.0,1827.8722066283226
42.0,9.0,1845.0,1844.7833179831505
42.0,10.0,1864.0,1863.4147636890411
42.0,11.0,1885.0,1883.8247898221016
42.0,12.0,1908.0,1906.06491625309
42.0,13.0,1933.0,1930.1815108656883
42.0,14.0,1960.0,1956.2152171134949
42.0,15.0,1989.0,1984.1989504694939
42.0,16.0,2020.0,2014.1619055271149
42.0,17.0,2053.0,2046.1288404464722
42.0,18.0,2088.0,2080.118932068348
42.0,19.0,2125.0,2116.145775914192
42.0,20.0,2164.0,2154.2211070656776
42.0,21.0,2205.0,2194.3530828356743
42.0,22.0,2248.0,2236.5461396574974
42.0,23.0,2293.0,2280.80457085371
42.0,24.0,2340.0,2327.127803981304
42.0,25.0,2389.0,2375.5187012553215
42.0,26.0,2440.0,2425.974543571472
42.0,27.0,2493.0,2478.496475815773
42.0,28.0,2548.0,2533.0809202194214
42.0,29.0,2605.0,2589.729880332947
42.0,30.0,2664.0,2648.441925048828
42.0,31.0,2725.0,2709.216481924057
42.0,32.0,2788.0,2772.0538371801376
42.0,33.0,2853.0,2836.954277038574
42.0,34.0,2920.0,2903.918087720871
42.0,35.0,2989.0,2972.94269323349
42.0,36.0,3060.0,3044.0269486904144
42.0,37.0,3133.0,3117.166274547577
42.0,38.0,3208.0,3192.353229045868
42.0,39.0,3285.0,3269.5769357681274
42.0,40.0,3364.0,3348.823083639145
42.0,41.0,3445.0,3430.071064710617
42.0,42.0,3528.0,3513.2945466041565
42.0,43.0,3613.0,3598.4614725112915
42.0,44.0,3700.0,3685.5306265354156
42.0,45.0,3789.0,3774.453064799309
42.0,46.0,3880.0,3865.1712567806244
42.0,47.0,3973.0,3957.617940425873
42.0,48.0,4068.0,4051.717267036438
42.0,49.0,4165.0,4147.382797718048
43.0,0.0,1849.0,1828.4496585130692
43.0,1.0,1850.0,1834.6652446985245
43.0,2.0,1853.0,1841.9238220453262
43.0,3.0,1858.0,1850.3204160928726
43.0,4.0,1865.0,1859.9471901655197
43.0,5.0,1874.0,1870.8930160403252
43.0,6.0,1885.0,1883.2426152825356
43.0,7.0,1898.0,1897.0771316885948
43.0,8.0,1913.0,1912.472413957119
43.0,9.0,1930.0,1929.4981570243835
43.0,10.0,1949.0,1948.2209073901176
43.0,11.0,1970.0,1968.698624908924
43.0,12.0,1993.0,1990.9845467805862
43.0,13.0,2018.0,2015.1269013285637
43.0,14.0,2045.0,2041.1661888957024
43.0,15.0,2074.0,2069.139904499054
43.0,16.0,2105.0,2099.078244507313
43.0,17.0,2138.0,2131.0065395236015
43.0,18.0,2173.0,2164.946256160736
43.0,19.0,2210.0,2200.914138376713
43.0,20.0,2249.0,2238.924067914486
43.0,21.0,2290.0,2278.9853469729424
43.0,22.0,2333.0,2321.1068484187126
43.0,23.0,2378.0,2365.29286557436
43.0,24.0,2425.0,2411.546976208687
43.0,25.0,2474.0,2459.8731874227524
43.0,26.0,2525.0,2510.2716423273087
43.0,27.0,2578.0,2562.745775580406
43.0,28.0,2633.0,2617.2953009605408
43.0,29.0,2690.0,2673.9213633537292
43.0,30.0,2749.0,2732.6248214244843
43.0,31.0,2810.0,2793.407392501831
43.0,32.0,2873.0,2856.2690765857697
43.0,33.0,2938.0,2921.2098736763
43.0,34.0,3005.0,2988.2297837734222
43.0,35.0,3074.0,3057.324513554573
43.0,36.0,3145.0,3128.4912008047104
43.0,37.0,3218.0,3201.722689986229
43.0,38.0,3293.0,3277.0081046819687
43.0,39.0,3370.0,3354.331702709198
43.0,40.0,3449.0,3433.674593448639
43.0,41.0,3530.0,3515.010444521904
43.0,42.0,3613.0,3598.3060542345047
43.0,43.0,3698.0,3683.5213515758514
43.0,44.0,3785.0,3770.6082513332367
43.0,45.0,3874.0,3859.5083643198013
43.0,46.0,3965.0,3950.1581493616104
43.0,47.0,4058.0,4042.479467988014
43.0,48.0,4153.0,4136.387312412262
43.0,49.0,4250.0,4231.789233088493
44.0,0.0,1936.0,1912.6501575112343
44.0,1.0,1937.0,1919.229101896286
44.0,2.0,1940.0,1926.8201255202293
44.0,3.0,1945.0,1935.5183970332146
44.0,4.0,1952.0,1945.4159366488457
44.0,5.0,1961.0,1956.6017592549324
44.0,6.0,1972.0,1969.1624468564987
44.0,7.0,1985.0,1983.178284585476
44.0,8.0,2000.0,1998.7269815802574
44.0,9.0,2017.0,2015.8796638846397
44.0,10.0,2036.0,2034.7027348876
44.0,11.0,2057.0,2055.256873548031
44.0,12.0,2080.0,2077.5961757302284
44.0,13.0,2105.0,2101.7707301974297
44.0,14.0,2132.0,2127.8236132860184
44.0,15.0,2161.0,2155.7927493453026
44.0,16.0,2192.0,2185.710338294506
44.0,17.0,2225.0,2217.6054316163063
44.0,18.0,2260.0,2251.4997821450233
44.0,19.0,2297.0,2287.4142840504646
44.0,20.0,2336.0,2325.3641070723534
44.0,21.0,2377.0,2365.3615587353706
44.0,22.0,2420.0,2407.4173723459244
44.0,23.0,2465.0,2451.53870344162
44.0,24.0,2512.0,2497.7328506708145
44.0,25.0,2561.0,2546.0041073560715
44.0,26.0,2612.0,2596.3564805984497
44.0,27.0,2665.0,2648.7934050559998
44.0,28.0,2720.0,2703.3186016082764
44.0,29.0,2777.0,2759.933787584305
44.0,30.0,2836.0,2818.641825199127
44.0,31.0,2897.0,2879.4438593387604
44.0,32.0,2960.0,2942.3404624462128
44.0,33.0,3025.0,3007.3307758569717
44.0,34.0,3092.0,3074.4147995710373
44.0,35.0,3161.0,3143.5859504938126
44.0,36.0,3232.0,3214.838217973709
44.0,37.0,3305.0,3288.1612980365753
44.0,38.0,3380.0,3363.540020942688
44.0,39.0,3457.0,3440.9534925222397
44.0,40.0,3536.0,3520.3785288333893
44.0,41.0,3617.0,3601.7796384096146
44.0,42.0,3700.0,3685.117895126343
44.0,43.0,3785.0,3770.347217321396
44.0,44.0,3872.0,3857.408357143402
44.0,45.0,3961.0,3946.237200975418
44.0,46.0,4052.0,4036.7590450048447
44.0,47.0,4145.0,4128.888881444931
44.0,48.0,4240.0,4222.534833192825
44.0,49.0,4337.0,4317.593574285507
45.0,0.0,2025.0,1998.313391506672
45.0,1.0,2026.0,2005.2788780331612
45.0,2.0,2029.0,2013.2243869900703
45.0,3.0,2034.0,2022.2443714737892
45.0,4.0,2041.0,2032.4308516979218
45.0,5.0,2050.0,2043.8752754330635
45.0,6.0,2061.0,2056.6627935767174
45.0,7.0,2074.0,2070.87540858984
45.0,8.0,2089.0,2086.591115832329
45.0,9.0,2106.0,2103.8836173415184
45.0,10.0,2125.0,2122.818314731121
45.0,11.0,2146.0,2143.459178507328
45.0,12.0,2169.0,2165.8613063097
45.0,13.0,2194.0,2190.0766473412514
45.0,14.0,2221.0,2216.1505677103996
45.0,15.0,2250.0,2244.1218504309654
45.0,16.0,2281.0,2274.0265594124794
45.0,17.0,2314.0,2305.8944616913795
45.0,18.0,2349.0,2339.751603424549
45.0,19.0,2386.0,2375.619451224804
45.0,20.0,2425.0,2413.5164663791656
45.0,21.0,2466.0,2453.45867729187
45.0,22.0,2509.0,2495.457675933838
45.0,23.0,2554.0,2539.524624943733
45.0,24.0,2601.0,2585.667824745178
45.0,25.0,2650.0,2633.8947170972824
45.0,26.0,2701.0,2684.212457537651
45.0,27.0,2754.0,2736.6253393888474
45.0,28.0,2809.0,2791.1390870809555
45.0,29.0,2866.0,2847.7562766075134
45.0,30.0,2925.0,2906.4803426265717
45.0,31.0,2986.0,2967.3132886886597
45.0,32.0,3049.0,3030.254542350769
45.0,33.0,3114.0,3095.3041036129
45.0,34.0,3181.0,3162.457965373993
45.0,35.0,3250.0,3231.7081134319305
45.0,36.0,3321.0,3303.0451024770737
45.0,37.0,3394.0,3376.4546214342117
45.0,38.0,3469.0,3451.916921019554
45.0,39.0,3546.0,3529.406527519226
45.0,40.0,3625.0,3608.890239238739
45.0,41.0,3706.0,3690.3297024965286
45.0,42.0,3789.0,3773.6776907444
45.0,43.0,3874.0,3858.876959681511
45.0,44.0,3961.0,3945.863395690918
45.0,45.0,4050.0,4034.5628674030304
45.0,46.0,4141.0,4124.892656803131
45.0,47.0,4234.0,4216.759741902351
45.0,48.0,4329.0,4310.063086509705
45.0,49.0,4426.0,4404.693067789078
46.0,0.0,2116.0,2085.3874112963676
46.0,1.0,2117.0,2092.7629101276398
46.0,2.0,2120.0,2101.084800362587
46.0,3.0,2125.0,2110.4478213191032
46.0,4.0,2132.0,2120.944708764553
46.0,5.0,2141.0,2132.6660518050194
46.0,6.0,2152.0,2145.69800311327
46.0,7.0,2165.0,2160.123996257782
46.0,8.0,2180.0,2176.0220265984535
46.0,9.0,2197.0,2193.4666548371315
46.0,10.0,2216.0,2212.5267172455788
46.0,11.0,2237.0,2233.2657549977303
46.0,12.0,2260.0,2255.741871058941
46.0,13.0,2285.0,2280.00801640749
46.0,14.0,2312.0,2306.111703813076
46.0,15.0,2341.0,2334.0947216153145
46.0,16.0,2372.0,2363.9957097172737
46.0,17.0,2405.0,2395.8458662629128
46.0,18.0,2440.0,2429.6736702919006
46.0,19.0,2477.0,2465.504595518112
46.0,20.0,2516.0,2503.3591067790985
46.0,21.0,2557.0,2543.255236029625
46.0,22.0,2600.0,2585.208725452423
46.0,23.0,2645.0,2629.2321687936783
46.0,24.0,2692.0,2675.3364424705505
46.0,25.0,2741.0,2723.5324229002
46.0,26.0,2792.0,2773.8281242847443
46.0,27.0,2845.0,2826.2301297187805
46.0,28.0,2900.0,2880.744449853897
46.0,29.0,2957.0,2937.37623667717
46.0,30.0,3016.0,2996.1283524036407
46.0,31.0,3077.0,3057.002514362335
46.0,32.0,3140.0,3119.9981501102448
46.0,33.0,3205.0,3185.1123974323273
46.0,34.0,3272.0,3252.3392456769943
46.0,35.0,3341.0,3321.6686770915985
46.0,36.0,3412.0,3393.0863806009293
46.0,37.0,3485.0,3466.5728931427
46.0,38.0,3560.0,3542.104744553566
46.0,39.0,3637.0,3619.6481606960297
46.0,40.0,3716.0,3699.1653603315353
46.0,41.0,3797.0,3780.608830690384
46.0,42.0,3880.0,3863.9233310222626
46.0,43.0,3965.0,3949.044747710228
46.0,44.0,4052.0,4035.899808049202
46.0,45.0,4141.0,4124.406080245972
46.0,46.0,4232.0,4214.471973419189
46.0,47.0,4325.0,4305.998168706894
46.0,48.0,4420.0,4398.874470829964
46.0,49.0,4517.0,4492.986963629723
47.0,0.0,2209.0,2173.820124566555
47.0,1.0,2210.0,2181.628533422947
47.0,2.0,2213.0,2190.3499888777733
47.0,3.0,2218.0,2200.078944027424
47.0,4.0,2225.0,2210.9061310887337
47.0,5.0,2234.0,2222.923999607563
47.0,6.0,2245.0,2236.2198471426964
47.0,7.0,2258.0,2250.875533044338
47.0,8.0,2273.0,2266.972630441189
47.0,9.0,2290.0,2284.5858431458473
47.0,10.0,2309.0,2303.7850092053413
47.0,11.0,2330.0,2324.6356733441353
47.0,12.0,2353.0,2347.198514521122
47.0,13.0,2378.0,2371.527342379093
47.0,14.0,2405.0,2397.6728181242943
47.0,15.0,2434.0,2425.6783043146133
47.0,16.0,2465.0,2455.585303068161
47.0,17.0,2498.0,2487.428590297699
47.0,18.0,2533.0,2521.2393641471863
47.0,19.0,2570.0,2557.0442432165146
47.0,20.0,2609.0,2594.867556333542
47.0,21.0,2650.0,2634.7301976680756
47.0,22.0,2693.0,2676.650199174881
47.0,23.0,2738.0,2720.6433030366898
47.0,24.0,2785.0,2766.7229616642
47.0,25.0,2834.0,2814.900910139084
47.0,26.0,2885.0,2865.188024878502
47.0,27.0,2938.0,2917.592606306076
47.0,28.0,2993.0,2972.1218099594116
47.0,29.0,3050.0,3028.78050160408
47.0,30.0,3109.0,3087.571543455124
47.0,31.0,3170.0,3148.4957941770554
47.0,32.0,3233.0,3211.5518226623535
47.0,33.0,3298.0,3276.7344769239426
47.0,34.0,3365.0,3344.035170316696
47.0,35.0,3434.0,3413.4393055438995
47.0,36.0,3505.0,3484.9297093153
47.0,37.0,3578.0,3558.4803354740143
47.0,38.0,3653.0,3634.060558319092
47.0,39.0,3730.0,3711.6323103904724
47.0,40.0,3809.0,3791.1486513614655
47.0,41.0,3890.0,3872.5551991462708
47.0,42.0,3973.0,3955.7886987924576
47.0,43.0,4058.0,4040.7755913734436
47.0,44.0,4145.0,4127.436593532562
47.0,45.0,4234.0,4215.678397059441
47.0,46.0,4325.0,4305.403972864151
47.0,47.0,4418.0,4396.504842996597
47.0,48.0,4513.0,4488.866232633591
47.0,49.0,4610.0,4582.36506652832
48.0,0.0,2304.0,2263.557149231434
48.0,1.0,2305.0,2271.824943602085
48.0,2.0,2308.0,2280.9685757756233
48.0,3.0,2313.0,2291.0853610634804
48.0,4.0,2320.0,2302.2663179039955
48.0,5.0,2329.0,2314.6018922924995
48.0,6.0,2340.0,2328.1802404522896
48.0,7.0,2353.0,2343.085511505604
48.0,8.0,2368.0,2359.3992785811424
48.0,9.0,2385.0,2377.1976765990257
48.0,10.0,2404.0,2396.551688492298
48.0,11.0,2425.0,2417.52929186821
48.0,12.0,2448.0,2440.1920243501663
48.0,13.0,2473.0,2464.5978457927704
48.0,14.0,2500.0,2490.797989845276
48.0,15.0,2529.0,2518.840255498886
48.0,16.0,2560.0,2548.7670035362244
48.0,17.0,2593.0,2580.6160151958466
48.0,18.0,2628.0,2614.4222095012665
48.0,19.0,2665.0,2650.2142086029053
48.0,20.0,2704.0,2688.020634651184
48.0,21.0,2745.0,2727.863526701927
48.0,22.0,2788.0,2769.7646375894547
48.0,23.0,2833.0,2813.7417130470276
48.0,24.0,2880.0,2859.8113539218903
48.0,25.0,2929.0,2907.9870126247406
48.0,26.0,2980.0,2958.279851794243
48.0,27.0,3033.0,3010.700461626053
48.0,28.0,3088.0,3065.2571425437927
48.0,29.0,3145.0,3121.953615427017
48.0,30.0,3204.0,3180.7938873767853
48.0,31.0,3265.0,3241.7756686210632
48.0,32.0,3328.0,3304.8966693878174
48.0,33.0,3393.0,3370.1494479179382
48.0,34.0,3460.0,3437.519693136215
48.0,35.0,3529.0,3506.9913766384125
48.0,36.0,3600.0,3578.5404558181763
48.0,37.0,3673.0,3652.134873867035
48.0,38.0,3748.0,3727.7382806539536
48.0,39.0,3825.0,3805.30430829525
48.0,40.0,3904.0,3884.780292034149
48.0,41.0,3985.0,3966.1026906967163
48.0,42.0,4068.0,4049.2002351284027
48.0,43.0,4153.0,4133.9904935359955
48.0,44.0,4240.0,4220.386454582214
48.0,45.0,4329.0,4308.289085626602
48.0,46.0,4420.0,4397.589908719063
48.0,47.0,4513.0,4488.176725029945
48.0,48.0,4608.0,4579.928749084473
48.0,49.0,4705.0,4672.718326091766
49.0,0.0,2401.0,2354.5458205342293
49.0,1.0,2402.0,2363.2967568039894
49.0,2.0,2405.0,2372.889184296131
49.0,3.0,2410.0,2383.417556107044
49.0,4.0,2417.0,2394.974608004093
49.0,5.0,2426.0,2407.64949798584
49.0,6.0,2437.0,2421.532385826111
49.0,7.0,2450.0,2436.707277536392
49.0,8.0,2465.0,2453.256891131401
49.0,9.0,2482.0,2471.2585064172745
49.0,10.0,2501.0,2490.785682320595
49.0,11.0,2522.0,2511.9068257808685
49.0,12.0,2545.0,2534.6869090795517
49.0,13.0,2570.0,2559.184893846512
49.0,14.0,2597.0,2585.4554483890533
49.0,15.0,2626.0,2613.5489476919174
49.0,16.0,2657.0,2643.5103285312653
49.0,17.0,2690.0,2675.3810930252075
49.0,18.0,2725.0,2709.197305083275
49.0,19.0,2762.0,2744.9921663999557
49.0,20.0,2801.0,2782.796588897705
49.0,21.0,2842.0,2822.636332511902
49.0,22.0,2885.0,2864.5334362983704
49.0,23.0,2930.0,2908.511370420456
49.0,24.0,2977.0,2954.5861632823944
49.0,25.0,3026.0,3002.77441573143
49.0,26.0,3077.0,3053.088721513748
49.0,27.0,3130.0,3105.538812160492
49.0,28.0,3185.0,3160.135277867317
49.0,29.0,3242.0,3216.880980849266
49.0,30.0,3301.0,3275.776779770851
49.0,31.0,3362.0,3336.8223884105682
49.0,32.0,3425.0,3400.0100787878036
49.0,33.0,3490.0,3465.3295469284058
49.0,34.0,3557.0,3532.7630470991135
49.0,35.0,3626.0,3602.2888264656067
49.0,36.0,3697.0,3673.8768317699432
49.0,37.0,3770.0,3747.49014043808
49.0,38.0,3845.0,3823.0843881368637
49.0,39.0,3922.0,3900.6063376665115
49.0,40.0,4001.0,3979.994737625122
49.0,41.0,4082.0,4061.178605079651
49.0,42.0,4165.0,4144.077798008919
49.0,43.0,4250.0,4228.604446411133
49.0,44.0,4337.0,4314.659517645836
49.0,45.0,4426.0,4402.138540863991
49.0,46.0,4517.0,4490.92817234993
49.0,47.0,4610.0,4580.908771514893
49.0,48.0,4705.0,4671.954114675522
49.0,49.0,4802.0,4763.933684825897
