爛,堎,゜,阨弇
2012,5,2,28.43
2012,5,3,28.41
2012,5,4,28.4
2012,5,5,28.39
2012,5,6,28.37
2012,5,7,28.35
2012,5,8,28.32
2012,5,9,28.31
2012,5,10,28.29
2012,5,11,28.25
2012,5,12,28.27
2012,5,13,28.24
2012,5,14,28.23
2012,5,15,28.18
2012,5,16,28.2
2012,5,17,28.19
2012,5,18,28.18
2012,5,19,28.16
2012,5,20,28.14
2012,5,21,28.13
2012,5,22,28.17
2012,5,23,28.18
2012,5,24,28.2
2012,5,25,28.21
2012,5,26,28.21
2012,5,27,28.23
2012,5,28,28.22
2012,5,29,28.21
2012,5,30,28.22
2012,5,31,28.22
2012,6,1,28.22
2012,6,2,28.22
2012,6,3,28.23
2012,6,4,28.23
2012,6,5,28.23
2012,6,6,28.23
2012,6,7,28.23
2012,6,8,28.22
2012,6,9,28.22
2012,6,10,28.2
2012,6,11,28.18
2012,6,12,28.15
2012,6,13,28.09
2012,6,14,28.09
2012,6,15,28.09
2012,6,16,28.06
2012,6,17,28.03
2012,6,18,28.02
2012,6,19,27.99
2012,6,20,27.99
2012,6,21,27.98
2012,6,22,27.99
2012,6,23,28.01
2012,6,24,27.99
2012,6,25,28
2012,6,26,28.01
2012,6,27,28.01
2012,6,28,28.03
2012,6,29,28.02
2012,6,30,28.03
2012,7,1,28.05
2012,7,2,28.09
2012,7,3,28.1
2012,7,4,28.1
2012,7,5,28.12
2012,7,6,28.13
2012,7,7,28.14
2012,7,8,28.19
2012,7,9,28.33
2012,7,10,28.42
2012,7,11,28.56
2012,7,12,28.59
2012,7,13,28.59
2012,7,14,28.62
2012,7,15,28.64
2012,7,16,28.62
2012,7,17,28.62
2012,7,18,28.62
2012,7,19,28.63
2012,7,20,28.62
2012,7,21,28.62
2012,7,22,28.64
2012,7,23,28.67
2012,7,24,28.67
2012,7,25,28.67
2012,7,26,28.68
2012,7,27,28.66
2012,7,28,28.65
2012,7,29,28.65
2012,7,30,28.63
2012,7,31,28.65
2012,8,1,28.7
2012,8,2,28.78
2012,8,3,28.83
2012,8,4,28.85
2012,8,5,28.89
2012,8,6,28.97
2012,8,7,29
2012,8,8,29
2012,8,9,29.01
2012,8,10,29.01
2012,8,11,29.01
2012,8,12,29.02
2012,8,13,29.04
2012,8,14,29.07
2012,8,15,29.11
2012,8,16,29.12
2012,8,17,29.12
2012,8,18,29.12
2012,8,19,29.18
2012,8,20,29.23
2012,8,21,29.23
2012,8,22,29.25
2012,8,23,29.25
2012,8,24,29.25
2012,8,25,29.26
2012,8,26,29.26
2012,8,27,29.28
2012,8,28,29.28
2012,8,29,29.29
2012,8,30,29.27
2012,8,31,29.26
2012,9,1,29.25
2012,9,2,29.26
2012,9,3,29.28
2012,9,4,29.28
2012,9,5,29.25
2012,9,6,29.27
2012,9,7,29.28
2012,9,8,29.28
2012,9,9,29.26
2012,9,10,29.26
2012,9,11,29.26
2012,9,12,29.28
2012,9,13,29.27
2012,9,14,29.27
2012,9,15,29.25
2012,9,16,29.26
2012,9,17,29.26
2012,9,18,29.26
2012,9,19,29.24
2012,9,20,29.23
2012,9,21,29.23
2012,9,22,29.23
2012,9,23,29.22
2012,9,24,29.21
2012,9,25,29.21
2012,9,26,29.21
2012,9,27,29.21
2012,9,28,29.23
2012,9,29,29.23
2012,9,30,29.22
2012,10,1,29.24
2012,10,2,29.24
2012,10,3,29.24
2012,10,4,29.22
2012,10,5,29.21
2012,10,6,29.19
2012,10,7,29.17
2012,10,8,29.15
2012,10,9,29.14
2012,10,10,29.1
2012,10,11,29.09
2012,10,12,29.06
2012,10,13,29.02
2012,10,14,29.02
2012,10,15,28.98
2012,10,16,28.91
2012,10,17,28.91
2012,10,18,28.87
2012,10,19,28.9
2012,10,20,28.89
2012,10,21,28.89
2012,10,22,28.9
2012,10,23,28.9
2012,10,24,28.88
2012,10,25,28.86
2012,10,26,28.86
2012,10,27,28.87
2012,10,28,28.85
2012,10,29,28.86
2012,10,30,28.86
2012,10,31,28.85
2012,11,1,28.83
2012,11,2,28.82
2012,11,3,28.8
2012,11,4,28.82
2012,11,5,28.81
2012,11,6,28.79
2012,11,7,28.79
2012,11,8,28.78
2012,11,9,28.77
2012,11,10,28.78
2012,11,11,28.8
2012,11,12,28.81
2012,11,13,28.81
2012,11,14,28.81
2012,11,15,28.8
2012,11,16,28.8
2012,11,17,28.79
2012,11,18,28.78
2012,11,19,28.76
2012,11,20,28.75
2012,11,21,28.76
2012,11,22,28.77
2012,11,23,28.74
2012,11,24,28.76
2012,11,25,28.76
2012,11,26,28.74
2012,11,27,28.75
2012,11,28,28.74
2012,11,29,28.73
2012,11,30,28.71
2012,12,1,28.71
2012,12,2,28.72
2012,12,3,28.71
2012,12,4,28.69
2012,12,5,28.68
2012,12,6,28.68
2012,12,7,28.66
2012,12,8,28.67
2012,12,9,28.66
2012,12,10,28.65
2012,12,11,28.64
2012,12,12,28.63
2012,12,13,28.64
2012,12,14,28.64
2012,12,15,28.65
2012,12,16,28.65
2012,12,17,28.63
2012,12,18,28.61
2012,12,19,28.63
2012,12,20,28.62
2012,12,21,28.63
2012,12,22,28.62
2012,12,23,28.62
2012,12,24,28.62
2012,12,25,28.62
2012,12,26,28.61
2012,12,27,28.63
2012,12,28,28.63
2012,12,29,28.64
2012,12,30,28.64
2012,12,31,28.65
2013,1,1,28.64
2013,1,2,28.62
2013,1,3,28.61
2013,1,4,28.61
2013,1,5,28.6
2013,1,6,28.59
2013,1,7,28.59
2013,1,8,28.59
2013,1,9,28.59
2013,1,10,28.59
2013,1,11,28.6
2013,1,12,28.58
2013,1,13,28.58
2013,1,14,28.56
2013,1,15,28.58
2013,1,16,28.56
2013,1,17,28.55
2013,1,18,28.56
2013,1,19,28.56
2013,1,20,28.55
2013,1,21,28.56
2013,1,22,28.55
2013,1,23,28.58
2013,1,24,28.57
2013,1,25,28.58
2013,1,26,28.57
2013,1,27,28.56
2013,1,28,28.57
2013,1,29,28.57
2013,1,30,28.57
2013,1,31,28.57
2013,2,1,28.56
2013,2,2,28.54
2013,2,3,28.55
2013,2,4,28.55
2013,2,5,28.55
2013,2,6,28.55
2013,2,7,28.54
2013,2,8,28.54
2013,2,9,28.56
2013,2,10,28.56
2013,2,11,28.57
2013,2,12,28.58
2013,2,13,28.59
2013,2,14,28.59
2013,2,15,28.57
2013,2,16,28.57
2013,2,17,28.57
2013,2,18,28.55
2013,2,19,28.55
2013,2,20,28.54
2013,2,21,28.53
2013,2,22,28.54
2013,2,23,28.53
2013,2,24,28.54
2013,2,25,28.55
2013,2,26,28.55
2013,2,27,28.55
2013,2,28,28.57
2013,3,1,28.54
2013,3,2,28.55
2013,3,3,28.54
2013,3,4,28.54
2013,3,5,28.53
2013,3,6,28.56
2013,3,7,28.55
2013,3,8,28.55
2013,3,9,28.54
2013,3,10,28.5
2013,3,11,28.5
2013,3,12,28.51
2013,3,13,28.49
2013,3,14,28.48
2013,3,15,28.49
2013,3,16,28.48
2013,3,17,28.47
2013,3,18,28.47
2013,3,19,28.45
2013,3,20,28.41
2013,3,21,28.42
2013,3,22,28.41
2013,3,23,28.39
2013,3,24,28.38
2013,3,25,28.38
2013,3,26,28.36
2013,3,27,28.38
2013,3,28,28.36
2013,3,29,28.35
2013,3,30,28.34
2013,3,31,28.35
2013,4,1,28.35
2013,4,2,28.32
2013,4,3,28.31
2013,4,4,28.29
2013,4,5,28.29
2013,4,6,28.29
2013,4,7,28.28
2013,4,8,28.26
2013,4,9,28.25
2013,4,10,28.24
2013,4,11,28.23
2013,4,12,28.22
2013,4,13,28.2
2013,4,14,28.17
2013,4,15,28.19
2013,4,16,28.19
2013,4,17,28.18
2013,4,18,28.2
2013,4,19,28.19
2013,4,20,28.21
2013,4,21,28.21
2013,4,22,28.22
2013,4,23,28.24
2013,4,24,28.23
2013,4,25,28.21
2013,4,26,28.22
2013,4,27,28.21
2013,4,28,28.2
2013,4,29,28.18
2013,4,30,28.17
2013,5,1,28.15
2013,5,2,28.14
2013,5,3,28.12
2013,5,4,28.1
2013,5,5,28.08
2013,5,6,28.06
2013,5,7,28.03
2013,5,8,28.02
2013,5,9,28.08
2013,5,10,28.1
2013,5,11,28.12
2013,5,12,28.1
2013,5,13,28.09
2013,5,14,28.06
2013,5,15,28.04
2013,5,16,28.03
2013,5,17,28.02
2013,5,18,28.01
2013,5,19,28.07
2013,5,20,28.07
2013,5,21,28.07
2013,5,22,28.05
2013,5,23,28.04
2013,5,24,28.03
2013,5,25,28.04
2013,5,26,28.07
2013,5,27,28.12
2013,5,28,28.18
2013,5,29,28.18
2013,5,30,28.2
2013,5,31,28.21
2013,6,1,28.23
2013,6,2,28.22
2013,6,3,28.22
2013,6,4,28.21
2013,6,5,28.19
2013,6,6,28.2
2013,6,7,28.19
2013,6,8,28.18
2013,6,9,28.21
2013,6,10,28.2
2013,6,11,28.25
2013,6,12,28.3
2013,6,13,28.3
2013,6,14,28.3
2013,6,15,28.27
2013,6,16,28.25
2013,6,17,28.2
2013,6,18,28.19
2013,6,19,28.22
2013,6,20,28.22
2013,6,21,28.23
2013,6,22,28.27
2013,6,23,28.29
2013,6,24,28.29
2013,6,25,28.29
2013,6,26,28.28
2013,6,27,28.26
2013,6,28,28.23
2013,6,29,28.19
2013,6,30,28.16
2013,7,1,28.17
2013,7,2,28.19
2013,7,3,28.16
2013,7,4,28.15
2013,7,5,28.15
2013,7,6,28.12
2013,7,7,28.13
2013,7,8,28.11
2013,7,9,28.11
2013,7,10,28.21
2013,7,11,28.26
2013,7,12,28.29
2013,7,13,28.41
2013,7,14,28.56
2013,7,15,28.62
2013,7,16,28.66
2013,7,17,28.65
2013,7,18,28.66
2013,7,19,28.68
2013,7,20,28.72
2013,7,21,28.72
2013,7,22,28.76
2013,7,23,28.77
2013,7,24,29.05
2013,7,25,29.14
2013,7,26,29.21
2013,7,27,29.33
2013,7,28,29.38
2013,7,29,29.45
2013,7,30,29.61
2013,7,31,29.69
2013,8,1,29.73
2013,8,2,29.76
2013,8,3,29.78
2013,8,4,29.8
2013,8,5,29.81
2013,8,6,29.79
2013,8,7,29.77
2013,8,8,29.78
2013,8,9,29.78
2013,8,10,29.77
2013,8,11,29.76
2013,8,12,29.77
2013,8,13,29.83
2013,8,14,29.86
2013,8,15,29.88
2013,8,16,29.87
2013,8,17,29.88
2013,8,18,29.86
2013,8,19,29.86
2013,8,20,29.87
2013,8,21,29.86
2013,8,22,29.87
2013,8,23,29.86
2013,8,24,29.83
2013,8,25,29.82
2013,8,26,29.8
2013,8,27,29.75
2013,8,28,29.74
2013,8,29,29.75
2013,8,30,29.74
2013,8,31,29.75
2013,9,1,29.73
2013,9,2,29.74
2013,9,3,29.71
2013,9,4,29.7
2013,9,5,29.71
2013,9,6,29.71
2013,9,7,29.68
2013,9,8,29.66
2013,9,9,29.66
2013,9,10,29.65
2013,9,11,29.61
2013,9,12,29.59
2013,9,13,29.58
2013,9,14,29.57
2013,9,15,29.55
2013,9,16,29.56
2013,9,17,29.53
2013,9,18,29.52
2013,9,19,29.52
2013,9,20,29.53
2013,9,21,29.53
2013,9,22,29.53
2013,9,23,29.52
2013,9,24,29.51
2013,9,25,29.49
2013,9,26,29.47
2013,9,27,29.46
2013,9,28,29.44
2013,9,29,29.42
2013,9,30,29.42
2013,10,1,29.4
2013,10,2,29.4
2013,10,3,29.4
2013,10,4,29.4
2013,10,5,29.37
2013,10,6,29.33
2013,10,7,29.32
2013,10,8,29.3
2013,10,9,29.27
2013,10,10,29.24
2013,10,11,29.2
2013,10,12,29.19
2013,10,13,29.18
2013,10,14,29.16
2013,10,15,29.17
2013,10,16,29.2
2013,10,17,29.21
2013,10,18,29.21
2013,10,19,29.22
2013,10,20,29.2
2013,10,21,29.17
2013,10,22,29.15
2013,10,23,29.12
2013,10,24,29.13
2013,10,25,29.15
2013,10,26,29.15
2013,10,27,29.15
2013,10,28,29.14
2013,10,29,29.1
2013,10,30,29.09
2013,10,31,29.1
2013,11,1,29.04
2013,11,2,29.08
2013,11,3,29.11
2013,11,4,29.1
2013,11,5,29.1
2013,11,6,29.1
2013,11,7,29.07
2013,11,8,29.07
2013,11,9,29.07
2013,11,10,29.06
2013,11,11,29.03
2013,11,12,29.02
2013,11,13,29.03
2013,11,14,29.05
2013,11,15,29.05
2013,11,16,29.04
2013,11,17,29.02
2013,11,18,29.01
2013,11,19,29
2013,11,20,29
2013,11,21,29
2013,11,22,28.99
2013,11,23,28.99
2013,11,24,29.01
2013,11,25,29.02
2013,11,26,29.01
2013,11,27,28.99
2013,11,28,28.99
2013,11,29,28.99
2013,11,30,29
2013,12,1,28.99
2013,12,2,29
2013,12,3,28.99
2013,12,4,28.97
2013,12,5,28.98
2013,12,6,28.97
2013,12,7,28.95
2013,12,8,28.95
2013,12,9,28.93
2013,12,10,28.93
2013,12,11,28.91
2013,12,12,28.93
2013,12,13,28.92
2013,12,14,28.91
2013,12,15,28.9
2013,12,16,28.91
2013,12,17,28.9
2013,12,18,28.89
2013,12,19,28.9
2013,12,20,28.88
2013,12,21,28.88
2013,12,22,28.88
2013,12,23,28.86
2013,12,24,28.85
2013,12,25,28.85
2013,12,26,28.84
2013,12,27,28.84
2013,12,28,28.85
2013,12,29,28.84
2013,12,30,28.86
2013,12,31,28.87
2014,1,1,28.86
2014,1,2,28.86
2014,1,3,28.85
2014,1,4,28.79
2014,1,5,28.77
2014,1,6,28.78
2014,1,7,28.77
2014,1,8,28.75
2014,1,9,28.75
2014,1,10,28.75
2014,1,11,28.77
2014,1,12,28.77
2014,1,13,28.78
2014,1,14,28.78
2014,1,15,28.8
2014,1,16,28.81
2014,1,17,28.8
2014,1,18,28.78
2014,1,19,28.8
2014,1,20,28.78
2014,1,21,28.76
2014,1,22,28.78
2014,1,23,28.79
2014,1,24,28.79
2014,1,25,28.77
2014,1,26,28.75
2014,1,27,28.78
2014,1,28,28.77
2014,1,29,28.78
2014,1,30,28.78
2014,1,31,28.78
2014,2,1,28.81
2014,2,2,28.82
2014,2,3,28.8
2014,2,4,28.79
2014,2,5,28.78
2014,2,6,28.77
2014,2,7,28.77
2014,2,8,28.76
2014,2,9,28.75
2014,2,10,28.74
2014,2,11,28.75
2014,2,12,28.74
2014,2,13,28.72
2014,2,14,28.73
2014,2,15,28.72
2014,2,16,28.71
2014,2,17,28.69
2014,2,18,28.68
2014,2,19,28.68
2014,2,20,28.67
2014,2,21,28.67
2014,2,22,28.67
2014,2,23,28.66
2014,2,24,28.66
2014,2,25,28.65
2014,2,26,28.63
2014,2,27,28.62
2014,2,28,28.63
2014,3,1,28.63
2014,3,2,28.63
2014,3,3,28.6
2014,3,4,28.59
2014,3,5,28.57
2014,3,6,28.56
2014,3,7,28.55
2014,3,8,28.54
2014,3,9,28.53
2014,3,10,28.51
2014,3,11,28.51
2014,3,12,28.51
2014,3,13,28.5
2014,3,14,28.49
2014,3,15,28.49
2014,3,16,28.46
2014,3,17,28.44
2014,3,18,28.39
2014,3,19,28.43
2014,3,20,28.39
2014,3,21,28.4
2014,3,22,28.4
2014,3,23,28.34
2014,3,24,28.36
2014,3,25,28.36
2014,3,26,28.36
2014,3,27,28.34
2014,3,28,28.35
2014,3,29,28.35
2014,3,30,28.34
2014,3,31,28.34
2014,4,1,28.33
2014,4,2,28.32
2014,4,3,28.3
2014,4,4,28.31
2014,4,5,28.29
2014,4,6,28.3
2014,4,7,28.3
2014,4,8,28.29
2014,4,9,28.25
2014,4,10,28.25
2014,4,11,28.26
2014,4,12,28.27
2014,4,13,28.28
2014,4,14,28.25
2014,4,15,28.26
2014,4,16,28.25
2014,4,17,28.22
2014,4,18,28.27
2014,4,19,28.26
2014,4,20,28.27
2014,4,21,28.26
2014,4,22,28.23
2014,4,23,28.22
2014,4,24,28.21
2014,4,25,28.2
2014,4,26,28.21
2014,4,27,28.21
2014,4,28,28.23
2014,4,29,28.25
2014,4,30,28.26
2014,5,1,28.26
2014,5,2,28.21
2014,5,3,28.21
2014,5,4,28.19
2014,5,5,28.18
2014,5,6,28.17
2014,5,7,28.17
2014,5,8,28.1
2014,5,9,28.12
2014,5,10,28.11
2014,5,11,28.13
2014,5,12,28.18
2014,5,13,28.21
2014,5,14,28.21
2014,5,15,28.23
2014,5,16,28.23
2014,5,17,28.21
2014,5,18,28.22
2014,5,19,28.21
2014,5,20,28.21
2014,5,21,28.18
2014,5,22,28.18
2014,5,23,28.15
2014,5,24,28.16
2014,5,25,28.17
2014,5,26,28.18
2014,5,27,28.16
2014,5,28,28.12
2014,5,29,28.13
2014,5,30,28.1
2014,5,31,28.08
2014,6,1,28.08
2014,6,2,28.07
2014,6,3,28.09
2014,6,4,28.05
2014,6,5,28.04
2014,6,6,28.02
2014,6,7,28.02
2014,6,8,28.01
2014,6,9,27.98
2014,6,10,27.97
2014,6,11,27.93
2014,6,12,27.93
2014,6,13,27.91
2014,6,14,27.89
2014,6,15,27.84
2014,6,16,27.83
2014,6,17,27.77
2014,6,18,27.79
2014,6,19,27.78
2014,6,20,27.86
2014,6,21,27.97
2014,6,22,28.02
2014,6,23,28.05
2014,6,24,28.08
2014,6,25,28.09
2014,6,26,28.13
2014,6,27,28.1
2014,6,28,28.13
2014,6,29,28.13
2014,6,30,28.1
2014,7,1,28.13
2014,7,2,28.14
2014,7,3,28.16
2014,7,4,28.17
2014,7,5,28.18
2014,7,6,28.18
2014,7,7,28.18
2014,7,8,28.17
2014,7,9,28.14
2014,7,10,28.14
2014,7,11,28.16
2014,7,12,28.1
2014,7,13,28.1
2014,7,14,28.08
2014,7,15,28.05
2014,7,16,28.07
2014,7,17,28.06
2014,7,18,28.03
2014,7,19,28.02
2014,7,20,28.07
2014,7,21,28.13
2014,7,22,28.09
2014,7,23,28.1
2014,7,24,28.16
2014,7,25,28.19
2014,7,26,28.21
2014,7,27,28.21
2014,7,28,28.2
2014,7,29,28.18
2014,7,30,28.16
2014,7,31,28.14
2014,8,1,28.1
2014,8,2,28.1
2014,8,3,28.08
2014,8,4,28.03
2014,8,5,27.97
2014,8,6,28.01
2014,8,7,28.02
2014,8,8,28
2014,8,9,28.02
2014,8,10,28.05
2014,8,11,28.02
2014,8,12,28.02
2014,8,13,28
2014,8,14,28.03
2014,8,15,28.06
2014,8,16,28.08
2014,8,17,28.08
2014,8,18,28.17
2014,8,19,28.23
2014,8,20,28.25
2014,8,21,28.27
2014,8,22,28.26
2014,8,23,28.27
2014,8,24,28.28
2014,8,25,28.3
2014,8,26,28.28
2014,8,27,28.28
2014,8,28,28.28
2014,8,29,28.25
2014,8,30,28.27
2014,8,31,28.3
2014,9,1,28.29
2014,9,2,28.31
2014,9,3,28.32
2014,9,4,28.32
2014,9,5,28.32
2014,9,6,28.31
2014,9,7,28.31
2014,9,8,28.33
2014,9,9,28.35
2014,9,10,28.33
2014,9,11,28.31
2014,9,12,28.31
2014,9,13,28.3
2014,9,14,28.31
2014,9,15,28.32
2014,9,16,28.33
2014,9,17,28.36
2014,9,18,28.4
2014,9,19,28.43
2014,9,20,28.45
2014,9,21,28.44
2014,9,22,28.44
2014,9,23,28.44
2014,9,24,28.43
2014,9,25,28.44
2014,9,26,28.46
2014,9,27,28.46
2014,9,28,28.45
2014,9,29,28.45
2014,9,30,28.44
2014,10,1,28.45
2014,10,2,28.48
2014,10,3,28.48
2014,10,4,28.48
2014,10,5,28.45
2014,10,6,28.46
2014,10,7,28.46
2014,10,8,28.46
2014,10,9,28.44
2014,10,10,28.43
2014,10,11,28.39
2014,10,12,28.36
2014,10,13,28.36
2014,10,14,28.35
2014,10,15,28.35
2014,10,16,28.31
2014,10,17,28.29
2014,10,18,28.28
2014,10,19,28.26
2014,10,20,28.26
2014,10,21,28.26
2014,10,22,28.28
2014,10,23,28.27
2014,10,24,28.27
2014,10,25,28.26
2014,10,26,28.25
2014,10,27,28.23
2014,10,28,28.22
2014,10,29,28.22
2014,10,30,28.21
2014,10,31,28.22
2014,11,1,28.22
2014,11,2,28.2
2014,11,3,28.21
2014,11,4,28.22
2014,11,5,28.2
2014,11,6,28.19
2014,11,7,28.21
2014,11,8,28.18
2014,11,9,28.18
2014,11,10,28.17
2014,11,11,28.17
2014,11,12,28.15
2014,11,13,28.14
2014,11,14,28.14
2014,11,15,28.11
2014,11,16,28.1
2014,11,17,28.1
2014,11,18,28.07
2014,11,19,28.06
2014,11,20,28.07
2014,11,21,28.06
2014,11,22,28.04
2014,11,23,28.05
2014,11,24,28.06
2014,11,25,28.06
2014,11,26,28.03
2014,11,27,28.03
2014,11,28,28.04
2014,11,29,28.03
2014,11,30,28.05
2014,12,1,28.06
2014,12,2,28.04
2014,12,3,28.04
2014,12,4,28.02
2014,12,5,28.05
2014,12,6,28.04
2014,12,7,28.05
2014,12,8,27.98
2014,12,9,28.02
2014,12,10,28.01
2014,12,11,27.99
2014,12,12,28
2014,12,13,28
2014,12,14,27.99
2014,12,15,27.98
2014,12,16,27.98
2014,12,17,27.98
2014,12,18,27.97
2014,12,19,27.98
2014,12,20,27.98
2014,12,21,27.98
2014,12,22,27.97
2014,12,23,27.97
2014,12,24,27.98
2014,12,25,27.95
2014,12,26,27.95
2014,12,27,27.94
2014,12,28,27.97
2014,12,29,27.97
2014,12,30,27.94
2014,12,31,27.88
2015,1,1,27.9
2015,1,2,27.92
2015,1,3,27.9
2015,1,4,27.9
2015,1,5,27.91
2015,1,6,27.9
2015,1,7,27.9
2015,1,8,27.87
2015,1,9,27.84
2015,1,10,27.88
2015,1,11,27.82
2015,1,12,27.84
2015,1,13,27.84
2015,1,14,27.82
2015,1,15,27.8
2015,1,16,27.8
2015,1,17,27.81
2015,1,18,27.84
2015,1,19,27.8
2015,1,20,27.82
2015,1,21,27.86
2015,1,22,27.86
2015,1,23,27.86
2015,1,24,27.84
2015,1,25,27.86
2015,1,26,27.82
2015,1,27,27.78
2015,1,28,27.77
2015,1,29,27.82
2015,1,30,27.84
2015,1,31,27.82
2015,2,1,27.84
2015,2,2,27.88
2015,2,3,27.86
2015,2,4,27.84
2015,2,5,27.82
2015,2,6,27.87
2015,2,7,27.88
2015,2,8,27.81
2015,2,9,27.84
2015,2,10,27.87
2015,2,11,27.87
2015,2,12,27.82
2015,2,13,27.86
2015,2,14,27.89
2015,2,15,27.87
2015,2,16,27.84
2015,2,17,27.85
2015,2,18,27.88
2015,2,19,27.87
2015,2,20,27.92
2015,2,21,27.94
2015,2,22,27.95
2015,2,23,27.94
2015,2,24,27.92
2015,2,25,27.92
2015,2,26,27.94
2015,2,27,27.9
2015,2,28,27.87
2015,3,1,27.89
2015,3,2,27.92
2015,3,3,27.9
2015,3,4,27.86
2015,3,5,27.88
2015,3,6,27.88
2015,3,7,27.87
2015,3,8,27.8
2015,3,9,27.77
2015,3,10,27.78
2015,3,11,27.75
2015,3,12,27.7
2015,3,13,27.69
2015,3,14,27.69
2015,3,15,27.68
2015,3,16,27.65
2015,3,17,27.66
2015,3,18,27.63
2015,3,19,27.62
2015,3,20,27.63
2015,3,21,27.6
2015,3,22,27.59
2015,3,23,27.61
2015,3,24,27.55
2015,3,25,27.53
2015,3,26,27.52
2015,3,27,27.49
2015,3,28,27.53
2015,3,29,27.52
2015,3,30,27.52
2015,3,31,27.51
2015,4,1,27.53
2015,4,2,27.61
2015,4,3,27.65
2015,4,4,27.67
2015,4,5,27.69
2015,4,6,27.71
2015,4,7,27.66
2015,4,8,27.7
2015,4,9,27.71
2015,4,10,27.73
2015,4,11,27.72
2015,4,12,27.72
2015,4,13,27.74
2015,4,14,27.75
2015,4,15,27.77
2015,4,16,27.73
2015,4,17,27.75
2015,4,18,27.75
2015,4,19,27.77
2015,4,20,27.78
2015,4,21,27.8
2015,4,22,27.8
2015,4,23,27.81
2015,4,24,27.8
2015,4,25,27.79
2015,4,26,27.79
2015,4,27,27.78
2015,4,28,27.78
2015,4,29,27.8
2015,4,30,27.84
2015,5,1,27.85
2015,5,2,27.84
2015,5,3,27.86
2015,5,4,27.82
2015,5,5,27.84
2015,5,6,27.78
2015,5,7,27.82
2015,5,8,27.84
2015,5,9,27.87
2015,5,10,27.87
2015,5,11,27.89
2015,5,12,27.93
2015,5,13,27.9
2015,5,14,27.91
2015,5,15,27.9
2015,5,16,27.89
2015,5,17,27.9
2015,5,18,27.88
2015,5,19,27.87
2015,5,20,27.84
2015,5,21,27.84
2015,5,22,27.82
2015,5,23,27.81
2015,5,24,27.78
2015,5,25,27.75
2015,5,26,27.74
2015,5,27,27.72
2015,5,28,27.7
2015,5,29,27.69
2015,5,30,27.7
2015,5,31,27.7
2015,6,1,27.67
2015,6,2,27.66
2015,6,3,27.63
2015,6,4,27.63
2015,6,5,27.65
2015,6,6,27.65
2015,6,7,27.6
2015,6,8,27.57
2015,6,9,27.56
2015,6,10,27.52
2015,6,11,27.5
2015,6,12,27.5
2015,6,13,27.43
2015,6,14,27.39
2015,6,15,27.32
2015,6,16,27.31
2015,6,17,27.27
2015,6,18,27.2
2015,6,19,27.21
2015,6,20,27.18
2015,6,21,27.16
2015,6,22,27.23
2015,6,23,27.23
2015,6,24,27.26
2015,6,25,27.33
2015,6,26,27.37
2015,6,27,27.41
2015,6,28,27.43
2015,6,29,27.47
2015,6,30,27.46
2015,7,1,27.48
2015,7,2,27.49
2015,7,3,27.5
2015,7,4,27.5
2015,7,5,27.49
2015,7,6,27.48
2015,7,7,27.48
2015,7,8,27.46
2015,7,9,27.44
2015,7,10,27.43
2015,7,11,27.47
2015,7,12,27.48
2015,7,13,27.47
2015,7,14,27.4
2015,7,15,27.4
2015,7,16,27.46
2015,7,17,27.48
2015,7,18,27.51
2015,7,19,27.53
2015,7,20,27.55
2015,7,21,27.55
2015,7,22,27.57
2015,7,23,27.58
2015,7,24,27.6
2015,7,25,27.59
2015,7,26,27.57
2015,7,27,27.52
2015,7,28,27.5
2015,7,29,27.48
2015,7,30,27.46
2015,7,31,27.49
2015,8,1,27.59
2015,8,2,27.64
2015,8,3,27.66
2015,8,4,27.78
2015,8,5,27.87
2015,8,6,27.86
2015,8,7,27.9
2015,8,8,27.94
2015,8,9,27.97
2015,8,10,28
2015,8,11,28
2015,8,12,28.03
2015,8,13,28.03
2015,8,14,28.05
2015,8,15,28.06
2015,8,16,28.07
2015,8,17,28.09
2015,8,18,28.06
2015,8,19,28.07
2015,8,20,28.07
2015,8,21,28.08
2015,8,22,28.06
2015,8,23,28.07
2015,8,24,28.08
2015,8,25,28.1
2015,8,26,28.13
2015,8,27,28.11
2015,8,28,28.1
2015,8,29,28.14
2015,8,30,28.16
2015,8,31,28.16
2015,9,1,28.2
2015,9,2,28.22
2015,9,3,28.25
2015,9,4,28.25
2015,9,5,28.28
2015,9,6,28.28
2015,9,7,28.27
2015,9,8,28.25
2015,9,9,28.24
2015,9,10,28.25
2015,9,11,28.25
2015,9,12,28.27
2015,9,13,28.27
2015,9,14,28.28
2015,9,15,28.26
2015,9,16,28.25
2015,9,17,28.23
2015,9,18,28.23
2015,9,19,28.21
2015,9,20,28.21
2015,9,21,28.2
2015,9,22,28.18
2015,9,23,28.17
2015,9,24,28.16
2015,9,25,28.17
2015,9,26,28.16
2015,9,27,28.15
2015,9,28,28.16
2015,9,29,28.15
2015,9,30,28.13
2015,10,1,28.15
2015,10,2,28.15
2015,10,3,28.11
2015,10,4,28.14
2015,10,5,28.13
2015,10,6,28.08
2015,10,7,28.07
2015,10,8,28.05
2015,10,9,28.02
2015,10,10,27.98
2015,10,11,28
2015,10,12,27.94
2015,10,13,27.94
2015,10,14,27.92
2015,10,15,27.88
2015,10,16,27.86
2015,10,17,27.82
2015,10,18,27.78
2015,10,19,27.79
2015,10,20,27.78
2015,10,21,27.77
2015,10,22,27.77
2015,10,23,27.78
2015,10,24,27.78
2015,10,25,27.76
2015,10,26,27.8
2015,10,27,27.81
2015,10,28,27.8
2015,10,29,27.79
2015,10,30,27.78
2015,10,31,27.78
2015,11,1,27.8
2015,11,2,27.8
2015,11,3,27.81
2015,11,4,27.81
2015,11,5,27.81
2015,11,6,27.78
2015,11,7,27.82
2015,11,8,27.86
2015,11,9,27.88
2015,11,10,27.89
2015,11,11,27.9
2015,11,12,27.92
2015,11,13,27.94
2015,11,14,27.97
2015,11,15,27.98
2015,11,16,27.97
2015,11,17,27.96
2015,11,18,27.97
2015,11,19,27.97
2015,11,20,27.98
2015,11,21,27.97
2015,11,22,27.99
2015,11,23,28.02
2015,11,24,28.02
2015,11,25,28.04
2015,11,26,28.04
2015,11,27,28.04
2015,11,28,28.03
2015,11,29,28.03
2015,11,30,28.03
2015,12,1,28.04
2015,12,2,28.03
2015,12,3,28.02
2015,12,4,28.02
2015,12,5,28.03
2015,12,6,28.03
2015,12,7,28.04
2015,12,8,28.03
2015,12,9,28.04
2015,12,10,28.05
2015,12,11,28.02
2015,12,12,28.06
2015,12,13,28.06
2015,12,14,28.06
2015,12,15,28.06
2015,12,16,28.03
2015,12,17,28.04
2015,12,18,28.04
2015,12,19,28.04
2015,12,20,28.06
2015,12,21,28.07
2015,12,22,28.07
2015,12,23,28.08
2015,12,24,28.08
2015,12,25,28.09
2015,12,26,28.08
2015,12,27,28.06
2015,12,28,28.06
2015,12,29,28.06
2015,12,30,28.06
2015,12,31,28.05
2016,1,1,28.06
2016,1,2,28.08
2016,1,3,28.06
2016,1,4,28.06
2016,1,5,28.06
2016,1,6,28.07
2016,1,7,28.07
2016,1,8,28.08
2016,1,9,28.08
2016,1,10,28.07
2016,1,11,28.07
2016,1,12,28.06
2016,1,13,28.07
2016,1,14,28.06
2016,1,15,28.06
2016,1,16,28.05
2016,1,17,28.05
2016,1,18,28.02
2016,1,19,28.02
2016,1,20,28.03
2016,1,21,28.04
2016,1,22,28.03
2016,1,23,28.01
2016,1,24,27.99
2016,1,25,27.99
2016,1,26,27.98
2016,1,27,27.97
2016,1,28,27.96
2016,1,29,27.93
2016,1,30,27.91
2016,1,31,27.91
2016,2,1,27.9
2016,2,2,27.91
2016,2,3,27.91
2016,2,4,27.9
2016,2,5,27.91
2016,2,6,27.91
2016,2,7,27.94
2016,2,8,27.97
2016,2,9,27.98
2016,2,10,27.97
2016,2,11,27.98
2016,2,12,27.96
2016,2,13,27.97
2016,2,14,27.96
2016,2,15,27.95
2016,2,16,27.95
2016,2,17,27.94
2016,2,18,27.93
2016,2,19,27.92
2016,2,20,27.9
2016,2,21,27.91
2016,2,22,27.93
2016,2,23,27.91
2016,2,24,27.92
2016,2,25,27.94
2016,2,26,27.93
2016,2,27,27.93
2016,2,28,27.92
2016,2,29,27.92
2016,3,1,27.9
2016,3,2,27.91
2016,3,3,27.89
2016,3,4,27.87
2016,3,5,27.86
2016,3,6,27.86
2016,3,7,27.84
2016,3,8,27.82
2016,3,9,27.82
2016,3,10,27.82
2016,3,11,27.82
2016,3,12,27.82
2016,3,13,27.8
2016,3,14,27.77
2016,3,15,27.76
2016,3,16,27.75
2016,3,17,27.72
2016,3,18,27.7
2016,3,19,27.66
2016,3,20,27.68
2016,3,21,27.63
2016,3,22,27.66
2016,3,23,27.61
2016,3,24,27.58
2016,3,25,27.57
2016,3,26,27.57
2016,3,27,27.57
2016,3,28,27.56
2016,3,29,27.56
2016,3,30,27.53
2016,3,31,27.52
2016,4,1,27.51
2016,4,2,27.48
2016,4,3,27.48
2016,4,4,27.49
2016,4,5,27.49
2016,4,6,27.48
2016,4,7,27.47
2016,4,8,27.44
2016,4,9,27.46
2016,4,10,27.46
2016,4,11,27.45
2016,4,12,27.45
2016,4,13,27.45
2016,4,14,27.42
2016,4,15,27.44
2016,4,16,27.44
2016,4,17,27.48
2016,4,18,27.47
2016,4,19,27.48
2016,4,20,27.46
2016,4,21,27.44
2016,4,22,27.46
2016,4,23,27.41
2016,4,24,27.43
2016,4,25,27.36
2016,4,26,27.34
2016,4,27,27.35
2016,4,28,27.31
2016,4,29,27.31
2016,4,30,27.31
2016,5,1,27.29
2016,5,2,27.27
2016,5,3,27.31
2016,5,4,27.3
2016,5,5,27.28
2016,5,6,27.23
2016,5,7,27.25
2016,5,8,27.28
2016,5,9,27.28
2016,5,10,27.33
2016,5,11,27.38
2016,5,12,27.39
2016,5,13,27.4
2016,5,14,27.42
2016,5,15,27.49
2016,5,16,27.52
2016,5,17,27.53
2016,5,18,27.52
2016,5,19,27.53
2016,5,20,27.53
2016,5,21,27.52
2016,5,22,27.49
2016,5,23,27.49
2016,5,24,27.53
2016,5,25,27.53
2016,5,26,27.53
2016,5,27,27.52
2016,5,28,27.53
2016,5,29,27.55
2016,5,30,27.53
2016,5,31,27.53
2016,6,1,27.51
2016,6,2,27.51
2016,6,3,27.51
2016,6,4,27.51
2016,6,5,27.53
2016,6,6,27.55
2016,6,7,27.53
2016,6,8,27.52
2016,6,9,27.48
2016,6,10,27.44
2016,6,11,27.37
2016,6,12,27.28
2016,6,13,27.19
2016,6,14,27.17
2016,6,15,27.26
2016,6,16,27.31
2016,6,17,27.31
2016,6,18,27.32
2016,6,19,27.32
2016,6,20,27.33
2016,6,21,27.34
2016,6,22,27.42
2016,6,23,27.46
2016,6,24,27.57
2016,6,25,27.59
2016,6,26,27.62
2016,6,27,27.64
2016,6,28,27.65
2016,6,29,27.65
2016,6,30,27.65
2016,7,1,27.65
2016,7,2,27.65
2016,7,3,27.65
2016,7,4,27.69
2016,7,5,27.7
2016,7,6,27.73
2016,7,7,27.72
2016,7,8,27.73
2016,7,9,27.73
2016,7,10,27.73
2016,7,11,27.73
2016,7,12,27.72
2016,7,13,27.73
2016,7,14,27.74
2016,7,15,27.74
2016,7,16,27.81
2016,7,17,27.79
2016,7,18,27.8
2016,7,19,27.82
2016,7,20,27.87
2016,7,21,28.03
2016,7,22,28.04
2016,7,23,28.23
2016,7,24,28.28
2016,7,25,28.32
2016,7,26,28.32
2016,7,27,28.35
2016,7,28,28.37
2016,7,29,28.37
2016,7,30,28.37
2016,7,31,28.38
2016,8,1,28.39
2016,8,2,28.48
2016,8,3,28.52
2016,8,4,28.56
2016,8,5,28.61
2016,8,6,28.63
2016,8,7,28.72
2016,8,8,28.81
2016,8,9,28.83
2016,8,10,28.85
2016,8,11,28.85
2016,8,12,28.86
2016,8,13,28.85
2016,8,14,28.86
2016,8,15,28.87
2016,8,16,28.9
2016,8,17,29.14
2016,8,18,29.2
2016,8,19,29.2
2016,8,20,29.37
2016,8,21,29.41
2016,8,22,29.43
2016,8,23,29.42
2016,8,24,29.4
2016,8,25,29.38
2016,8,26,29.39
2016,8,27,29.4
2016,8,28,29.4
2016,8,29,29.4
2016,8,30,29.4
2016,8,31,29.37
2016,9,1,29.36
2016,9,2,29.35
2016,9,3,29.31
2016,9,4,29.29
2016,9,5,29.27
2016,9,6,29.26
2016,9,7,29.27
2016,9,8,29.26
2016,9,9,29.23
2016,9,10,29.22
2016,9,11,29.2
2016,9,12,29.19
2016,9,13,29.18
2016,9,14,29.18
2016,9,15,29.18
2016,9,16,29.19
2016,9,17,29.18
2016,9,18,29.17
2016,9,19,29.17
2016,9,20,29.15
2016,9,21,29.15
2016,9,22,29.12
2016,9,23,29.11
2016,9,24,29.08
2016,9,25,29.09
2016,9,26,29.09
2016,9,27,29.07
2016,9,28,29.06
2016,9,29,29.08
2016,9,30,29.08
2016,10,1,29.07
2016,10,2,29.08
2016,10,3,29.07
2016,10,4,29.06
2016,10,5,29.05
2016,10,6,29
2016,10,7,29.04
2016,10,8,29.04
2016,10,9,29.04
2016,10,10,29.02
2016,10,11,29.02
2016,10,12,28.95
2016,10,13,28.95
2016,10,14,28.93
2016,10,15,28.92
2016,10,16,28.94
2016,10,17,28.95
2016,10,18,28.91
2016,10,19,28.93
2016,10,20,28.91
2016,10,21,28.93
2016,10,22,28.93
2016,10,23,28.92
2016,10,24,28.94
2016,10,25,28.96
2016,10,26,28.97
2016,10,27,28.95
2016,10,28,28.95
2016,10,29,28.93
2016,10,30,28.93
2016,10,31,28.91
2016,11,1,28.93
2016,11,2,28.96
2016,11,3,28.96
2016,11,4,28.97
2016,11,5,28.96
2016,11,6,28.93
2016,11,7,28.91
2016,11,8,28.9
2016,11,9,28.91
2016,11,10,28.94
2016,11,11,28.95
2016,11,12,28.93
2016,11,13,28.94
2016,11,14,28.93
2016,11,15,28.93
2016,11,16,28.93
2016,11,17,28.92
2016,11,18,28.93
2016,11,19,28.92
2016,11,20,28.91
2016,11,21,28.91
2016,11,22,28.89
2016,11,23,28.88
2016,11,24,28.89
2016,11,25,28.89
2016,11,26,28.89
2016,11,27,28.89
2016,11,28,28.86
2016,11,29,28.86
2016,11,30,28.87
2016,12,1,28.86
2016,12,2,28.86
2016,12,3,28.88
2016,12,4,28.88
2016,12,5,28.87
2016,12,6,28.82
2016,12,7,28.82
2016,12,8,28.83
2016,12,9,28.8
2016,12,10,28.79
2016,12,11,28.79
2016,12,12,28.8
2016,12,13,28.8
2016,12,14,28.77
2016,12,15,28.75
2016,12,16,28.75
2016,12,17,28.75
2016,12,18,28.73
2016,12,19,28.72
2016,12,20,28.7
2016,12,21,28.72
2016,12,22,28.7
2016,12,23,28.69
2016,12,24,28.69
2016,12,25,28.69
2016,12,26,28.7
2016,12,27,28.68
2016,12,28,28.69
2016,12,29,28.67
2016,12,30,28.68
2017,1,1,28.68
2017,1,2,28.66
2017,1,3,28.66
2017,1,4,28.67
2017,1,5,28.68
2017,1,6,28.67
2017,1,7,28.67
2017,1,8,28.68
2017,1,9,28.68
2017,1,10,28.66
2017,1,11,28.58
2017,1,12,28.57
2017,1,13,28.56
2017,1,14,28.54
2017,1,15,28.53
2017,1,16,28.54
2017,1,17,28.63
2017,1,18,28.64
2017,1,19,28.65
2017,1,20,28.63
2017,1,21,28.64
2017,1,22,28.6
2017,1,23,28.58
2017,1,24,28.56
2017,1,25,28.56
2017,1,26,28.6
2017,1,27,28.6
2017,1,28,28.61
2017,1,29,28.65
2017,1,30,28.63
2017,1,31,28.65
2017,2,1,28.64
2017,2,2,28.64
2017,2,3,28.64
2017,2,4,28.63
2017,2,5,28.61
2017,2,6,28.6
2017,2,7,28.6
2017,2,8,28.59
2017,2,9,28.59
2017,2,10,28.58
2017,2,11,28.58
2017,2,12,28.56
2017,2,13,28.56
2017,2,14,28.53
2017,2,15,28.55
2017,2,16,28.54
2017,2,17,28.5
2017,2,18,28.5
2017,2,19,28.53
2017,2,20,28.47
2017,2,21,28.47
2017,2,22,28.49
2017,2,23,28.48
2017,2,24,28.47
2017,2,25,28.48
2017,2,26,28.46
2017,2,27,28.44
2017,2,28,28.44
2017,3,1,28.43
2017,3,2,28.41
2017,3,3,28.4
2017,3,4,28.36
2017,3,5,28.35
2017,3,6,28.33
2017,3,7,28.32
2017,3,8,28.31
2017,3,9,28.31
2017,3,10,28.28
2017,3,11,28.25
2017,3,12,28.24
2017,3,13,28.22
2017,3,14,28.21
2017,3,15,28.2
2017,3,16,28.21
2017,3,17,28.21
2017,3,18,28.19
2017,3,19,28.16
2017,3,20,28.14
2017,3,21,28.13
2017,3,22,28.1
2017,3,23,28.08
2017,3,24,28.07
2017,3,25,28.09
2017,3,26,28.09
2017,3,27,28.1
2017,3,28,28.09
2017,3,29,28.1
2017,3,30,28.09
2017,3,31,28.07
2017,4,1,28.07
2017,4,2,28.06
2017,4,3,28.04
2017,4,4,28.04
2017,4,5,28.05
2017,4,6,28.05
2017,4,7,28.04
2017,4,8,28.02
2017,4,9,28.02
2017,4,10,28.02
2017,4,11,28.02
2017,4,12,28.02
2017,4,13,28.02
2017,4,14,28.02
2017,4,15,28.01
2017,4,16,28
2017,4,17,28.02
2017,4,18,28.02
2017,4,19,28.03
2017,4,20,28.04
2017,4,21,28.04
2017,4,22,28.04
2017,4,23,28.05
2017,4,24,28.05
2017,4,25,28.03
2017,4,26,28.04
2017,4,27,28.04
2017,4,28,28.04
2017,4,29,27.99
2017,4,30,27.98
2017,5,1,27.96
2017,5,2,27.93
2017,5,3,27.9
2017,5,4,27.93
2017,5,5,27.93
2017,5,6,27.94
2017,5,7,27.93
2017,5,8,27.94
2017,5,9,27.97
2017,5,10,27.99
2017,5,11,27.99
2017,5,12,27.99
2017,5,13,28.01
2017,5,14,27.99
2017,5,15,27.98
2017,5,16,27.99
2017,5,17,27.98
2017,5,18,27.97
2017,5,19,27.93
2017,5,20,27.93
2017,5,21,27.88
2017,5,22,27.9
2017,5,23,27.9
2017,5,24,27.93
2017,5,25,27.96
2017,5,26,27.95
2017,5,27,27.96
2017,5,28,27.96
2017,5,29,27.93
2017,5,30,27.94
2017,5,31,27.93
2017,6,1,27.94
2017,6,2,27.91
2017,6,3,27.91
2017,6,4,27.91
2017,6,5,27.91
2017,6,6,27.93
2017,6,7,27.97
2017,6,8,27.96
2017,6,9,27.97
2017,6,10,27.96
2017,6,11,27.95
2017,6,12,27.93
2017,6,13,27.93
2017,6,14,27.92
2017,6,15,27.9
2017,6,16,27.86
2017,6,17,27.8
2017,6,18,27.77
2017,6,19,27.77
2017,6,20,27.73
2017,6,21,27.77
2017,6,22,27.77
2017,6,23,27.82
2017,6,24,27.89
2017,6,25,27.94
2017,6,26,27.97
2017,6,27,27.98
2017,6,28,27.98
2017,6,29,27.99
2017,6,30,28
2017,7,1,28.04
2017,7,2,28.05
2017,7,3,28.05
2017,7,4,28.05
2017,7,5,28.03
2017,7,6,28.05
2017,7,7,28.09
2017,7,8,28.13
2017,7,9,28.12
2017,7,10,28.12
2017,7,11,28.09
2017,7,12,28.07
2017,7,13,28.05
2017,7,14,28.04
2017,7,15,28.05
2017,7,16,28.07
2017,7,17,28.09
2017,7,18,28.09
2017,7,19,28.14
2017,7,20,28.18
2017,7,21,28.17
2017,7,22,28.15
2017,7,23,28.16
2017,7,24,28.17
2017,7,25,28.18
2017,7,26,28.14
2017,7,27,28.17
2017,7,28,28.21
2017,7,29,28.23
2017,7,30,28.29
2017,7,31,28.3
2017,8,1,28.3
2017,8,2,28.3
2017,8,3,28.34
2017,8,4,28.34
2017,8,5,28.34
2017,8,6,28.34
2017,8,7,28.34
2017,8,8,28.36
2017,8,9,28.36
2017,8,10,28.37
2017,8,11,28.36
2017,8,12,28.35
2017,8,13,28.35
2017,8,14,28.35
2017,8,15,28.34
2017,8,16,28.34
2017,8,17,28.31
2017,8,18,28.31
2017,8,19,28.34
2017,8,20,28.36
2017,8,21,28.35
2017,8,22,28.34
2017,8,23,28.34
2017,8,24,28.33
2017,8,25,28.34
2017,8,26,28.34
2017,8,27,28.35
2017,8,28,28.35
2017,8,29,28.36
2017,8,30,28.36
2017,8,31,28.36
2017,9,1,28.36
2017,9,2,28.36
2017,9,3,28.36
2017,9,4,28.36
2017,9,5,28.36
2017,9,6,28.36
2017,9,7,28.37
2017,9,8,28.36
2017,9,9,28.34
2017,9,10,28.31
2017,9,11,28.33
2017,9,12,28.3
2017,9,13,28.29
2017,9,14,28.27
2017,9,15,28.26
2017,9,16,28.26
2017,9,17,28.26
2017,9,18,28.27
2017,9,19,28.25
2017,9,20,28.23
2017,9,21,28.23
2017,9,22,28.22
2017,9,23,28.21
2017,9,24,28.21
2017,9,25,28.2
2017,9,26,28.18
2017,9,27,28.17
2017,9,28,28.17
2017,9,29,28.17
2017,9,30,28.15
2017,10,1,28.16
2017,10,2,28.2
2017,10,3,28.21
2017,10,4,28.22
2017,10,5,28.25
2017,10,6,28.24
2017,10,7,28.22
2017,10,8,28.22
2017,10,9,28.19
2017,10,10,28.22
2017,10,11,28.24
2017,10,12,28.24
2017,10,13,28.23
2017,10,14,28.22
2017,10,15,28.2
2017,10,16,28.2
2017,10,17,28.2
2017,10,18,28.2
2017,10,19,28.21
2017,10,20,28.21
2017,10,21,28.2
2017,10,22,28.2
2017,10,23,28.19
2017,10,24,28.18
2017,10,25,28.16
2017,10,26,28.15
2017,10,27,28.15
2017,10,28,28.14
2017,10,29,28.17
2017,10,30,28.17
2017,10,31,28.18
2017,11,1,28.21
2017,11,2,28.18
2017,11,3,28.17
2017,11,4,28.17
2017,11,5,28.18
2017,11,6,28.17
2017,11,7,28.15
2017,11,8,28.15
2017,11,9,28.11
2017,11,10,28.09
2017,11,11,28.09
2017,11,12,28.09
2017,11,13,28.09
2017,11,14,28.02
2017,11,15,28.01
2017,11,16,28.01
2017,11,17,28.01
2017,11,18,27.97
2017,11,19,27.97
2017,11,20,27.97
2017,11,21,27.97
2017,11,22,27.94
2017,11,23,27.93
2017,11,24,27.91
2017,11,25,27.91
2017,11,26,27.92
2017,11,27,27.92
2017,11,28,27.93
2017,11,29,27.92
2017,11,30,27.91
2017,12,1,27.91
2017,12,2,27.93
2017,12,3,27.92
2017,12,4,27.91
2017,12,5,27.91
2017,12,6,27.93
2017,12,7,27.9
2017,12,8,27.89
2017,12,9,27.9
2017,12,10,27.9
2017,12,11,27.89
2017,12,12,27.89
2017,12,13,27.89
2017,12,14,27.9
2017,12,15,27.91
2017,12,16,27.92
2017,12,17,27.92
2017,12,18,27.93
2017,12,19,27.93
2017,12,20,27.93
2017,12,21,27.95
2017,12,22,27.96
2017,12,23,27.96
2017,12,24,27.97
2017,12,25,27.95
2017,12,26,27.93
2017,12,27,27.95
2017,12,28,27.96
2017,12,29,27.97
2017,12,30,27.98
2017,12,31,27.99
2018,1,1,28
2018,1,2,28
2018,1,3,28.01
2018,1,4,28.02
2018,1,5,28.01
2018,1,6,28.01
2018,1,7,28.01
2018,1,8,28
2018,1,9,27.98
2018,1,10,28.01
2018,1,11,28
2018,1,12,28.01
2018,1,13,28.01
2018,1,14,28.02
2018,1,15,28
2018,1,16,27.98
2018,1,17,27.98
2018,1,18,27.98
2018,1,19,28
2018,1,20,28.01
2018,1,21,28
2018,1,22,28.01
2018,1,23,27.99
2018,1,24,28.01
2018,1,25,28
2018,1,26,28.01
2018,1,27,28.01
2018,1,28,28.01
2018,1,29,28.02
2018,1,30,28.02
2018,1,31,28.02
2018,2,1,28.02
2018,2,2,28
2018,2,3,27.98
2018,2,4,27.99
2018,2,5,27.99
2018,2,6,27.99
2018,2,7,28
2018,2,8,27.99
2018,2,9,27.98
2018,2,10,27.96
2018,2,11,27.98
2018,2,12,27.97
2018,2,13,27.98
2018,2,14,27.98
2018,2,15,27.98
2018,2,16,27.99
2018,2,17,28.02
2018,2,18,28.02
2018,2,19,28.02
2018,2,20,28.02
2018,2,21,28.03
2018,2,22,28.03
2018,2,23,28.01
2018,2,24,27.99
2018,2,25,27.99
2018,2,26,28
2018,2,27,27.98
2018,2,28,27.98
2018,3,1,27.95
2018,3,2,27.95
2018,3,3,27.94
2018,3,4,27.9
2018,3,5,27.9
2018,3,6,27.89
2018,3,7,27.88
2018,3,8,27.87
2018,3,9,27.86
2018,3,10,27.88
2018,3,11,27.86
2018,3,12,27.85
2018,3,13,27.83
2018,3,14,27.8
2018,3,15,27.78
2018,3,16,27.77
2018,3,17,27.77
2018,3,18,27.77
2018,3,19,27.77
2018,3,20,27.77
2018,3,21,27.78
2018,3,22,27.77
2018,3,23,27.77
2018,3,24,27.73
2018,3,25,27.73
2018,3,26,27.71
2018,3,27,27.69
2018,3,28,27.68
2018,3,29,27.66
2018,3,30,27.63
2018,3,31,27.62
2018,4,1,27.66
2018,4,2,27.64
2018,4,3,27.6
2018,4,4,27.61
2018,4,5,27.63
2018,4,6,27.65
2018,4,7,27.65
2018,4,8,27.66
2018,4,9,27.62
2018,4,10,27.62
2018,4,11,27.59
2018,4,12,27.59
2018,4,13,27.59
2018,4,14,27.63
2018,4,15,27.63
2018,4,16,27.63
2018,4,17,27.61
2018,4,18,27.61
2018,4,19,27.59
2018,4,20,27.57
2018,4,21,27.57
2018,4,22,27.59
2018,4,23,27.72
2018,4,24,27.74
2018,4,25,27.73
2018,4,26,27.77
2018,4,27,27.76
2018,4,28,27.77
2018,4,29,27.78
2018,4,30,27.78
2018,5,1,27.79
2018,5,2,27.8
2018,5,3,27.81
2018,5,4,27.82
2018,5,5,27.8
2018,5,6,27.81
2018,5,7,27.78
2018,5,8,27.77
2018,5,9,27.73
2018,5,10,27.73
2018,5,11,27.72
2018,5,12,27.73
2018,5,13,27.72
2018,5,14,27.7
2018,5,15,27.7
2018,5,16,27.69
2018,5,17,27.75
2018,5,18,27.78
2018,5,19,27.8
2018,5,20,27.76
2018,5,21,27.75
2018,5,22,27.78
2018,5,23,27.8
2018,5,24,27.81
2018,5,25,27.81
2018,5,26,27.8
2018,5,27,27.81
2018,5,28,27.81
2018,5,29,27.81
2018,5,30,27.78
2018,5,31,27.77
2018,6,1,27.75
2018,6,2,27.74
2018,6,3,27.74
2018,6,4,27.69
2018,6,5,27.75
2018,6,6,27.73
2018,6,7,27.69
2018,6,8,27.66
2018,6,9,27.66
2018,6,10,27.73
2018,6,11,27.75
2018,6,12,27.77
2018,6,13,27.78
2018,6,14,27.8
2018,6,15,27.78
2018,6,16,27.72
2018,6,17,27.71
2018,6,18,27.7
2018,6,19,27.66
2018,6,20,27.64
2018,6,21,27.61
2018,6,22,27.61
2018,6,23,27.6
2018,6,24,27.59
2018,6,25,27.59
2018,6,26,27.81
2018,6,27,27.91
2018,6,28,27.99
2018,6,29,28.04
2018,6,30,28.05
2018,7,1,28.05
2018,7,2,28.06
2018,7,3,28.05
2018,7,4,28.05
2018,7,5,28.05
2018,7,6,28.02
2018,7,7,28.02
2018,7,8,28.01
2018,7,9,28.01
2018,7,10,28.02
2018,7,11,28.02
2018,7,12,27.99
2018,7,13,27.98
2018,7,14,27.98
2018,7,15,28.02
2018,7,16,28.02
2018,7,17,28.02
2018,7,18,28.02
2018,7,19,27.99
2018,7,20,27.98
2018,7,21,27.97
2018,7,22,27.95
2018,7,23,27.95
2018,7,24,27.96
2018,7,25,27.98
2018,7,26,27.96
2018,7,27,27.97
2018,7,28,28.02
2018,7,29,28.05
2018,7,30,28.07
2018,7,31,28.09
2018,8,1,28.09
2018,8,2,28.07
2018,8,3,28.06
2018,8,4,28.05
2018,8,5,28.04
2018,8,6,28.04
2018,8,7,28.03
2018,8,8,28.02
2018,8,9,28.01
2018,8,10,28
2018,8,11,27.99
2018,8,12,27.98
2018,8,13,27.98
2018,8,14,27.98
2018,8,15,28.1
2018,8,16,28.15
2018,8,17,28.15
2018,8,18,28.17
2018,8,19,28.2
2018,8,20,28.57
2018,8,21,28.7
2018,8,22,28.74
2018,8,23,28.78
2018,8,24,28.79
2018,8,25,28.78
2018,8,26,28.79
2018,8,27,28.79
2018,8,28,28.79
2018,8,29,28.78
2018,8,30,28.77
2018,8,31,28.78
2018,9,1,28.79
2018,9,2,28.81
2018,9,3,28.81
2018,9,4,28.78
2018,9,5,28.77
2018,9,6,28.77
2018,9,7,28.75
2018,9,8,28.74
2018,9,9,28.74
2018,9,10,28.73
2018,9,11,28.73
2018,9,12,28.73
2018,9,13,28.71
2018,9,14,28.7
2018,9,15,28.7
2018,9,16,28.69
2018,9,17,28.69
2018,9,18,28.69
2018,9,19,28.71
2018,9,20,28.74
2018,9,21,28.76
2018,9,22,28.74
2018,9,23,28.74
2018,9,24,28.74
2018,9,25,28.73
2018,9,26,28.73
2018,9,27,28.71
2018,9,28,28.7
2018,9,29,28.69
2018,9,30,28.68
2018,10,1,28.68
2018,10,2,28.68
2018,10,3,28.68
2018,10,4,28.68
2018,10,5,28.67
2018,10,6,28.67
2018,10,7,28.65
2018,10,8,28.64
2018,10,9,28.64
2018,10,10,28.63
2018,10,11,28.62
2018,10,12,28.59
2018,10,13,28.58
2018,10,14,28.57
2018,10,15,28.55
2018,10,16,28.54
2018,10,17,28.53
2018,10,18,28.52
2018,10,19,28.5
2018,10,20,28.49
2018,10,21,28.49
2018,10,22,28.49
2018,10,23,28.46
2018,10,24,28.46
2018,10,25,28.46
2018,10,26,28.45
2018,10,27,28.44
2018,10,28,28.45
2018,10,29,28.42
2018,10,30,28.41
2018,10,31,28.41
2018,11,1,28.39
2018,11,2,28.38
2018,11,3,28.37
2018,11,4,28.37
2018,11,5,28.36
2018,11,6,28.38
2018,11,7,28.39
2018,11,8,28.41
2018,11,9,28.41
2018,11,10,28.39
2018,11,11,28.4
2018,11,12,28.38
2018,11,13,28.37
2018,11,14,28.37
2018,11,15,28.37
2018,11,16,28.37
2018,11,17,28.37
2018,11,18,28.37
2018,11,19,28.36
2018,11,20,28.37
2018,11,21,28.36
2018,11,22,28.35
2018,11,23,28.36
2018,11,24,28.36
2018,11,25,28.36
2018,11,26,28.34
2018,11,27,28.34
2018,11,28,28.34
2018,11,29,28.31
2018,11,30,28.3
2018,12,1,28.28
2018,12,2,28.29
2018,12,3,28.3
2018,12,4,28.3
2018,12,5,28.28
2018,12,6,28.28
2018,12,7,28.28
2018,12,8,28.28
2018,12,9,28.29
2018,12,10,28.29
2018,12,11,28.3
2018,12,12,28.29
2018,12,13,28.29
2018,12,14,28.29
2018,12,15,28.29
2018,12,16,28.3
2018,12,17,28.29
2018,12,18,28.29
2018,12,19,28.3
2018,12,20,28.3
2018,12,21,28.3
2018,12,22,28.3
2018,12,23,28.28
2018,12,24,28.27
2018,12,25,28.29
2018,12,26,28.28
2018,12,27,28.26
2018,12,28,28.25
2018,12,29,28.24
2018,12,30,28.24
2018,12,31,28.25
2019,1,1,28.25
2019,1,2,28.23
2019,1,3,28.25
2019,1,4,28.07
2019,1,5,28.23
2019,1,6,28.23
2019,1,7,28.22
2019,1,8,28.21
2019,1,9,28.21
2019,1,10,28.21
2019,1,11,28.21
2019,1,12,28.2
2019,1,13,28.18
2019,1,14,28.18
2019,1,15,28.18
2019,1,16,28.17
2019,1,17,28.18
2019,1,18,28.17
2019,1,19,28.2
2019,1,20,28.18
2019,1,21,28.19
2019,1,22,28.19
2019,1,23,28.18
2019,1,24,28.18
2019,1,25,28.17
2019,1,26,28.17
2019,1,27,28.18
2019,1,28,28.17
2019,1,29,28.17
2019,1,30,28.16
2019,1,31,28.17
2019,2,1,28.18
2019,2,2,28.2
2019,2,3,28.18
2019,2,4,28.18
2019,2,5,28.21
2019,2,6,28.22
2019,2,7,28.22
2019,2,8,28.23
2019,2,9,28.22
2019,2,10,28.22
2019,2,11,28.21
2019,2,12,28.2
2019,2,13,28.18
2019,2,14,28.18
2019,2,15,28.19
2019,2,16,28.18
2019,2,17,28.18
2019,2,18,28.18
2019,2,19,28.18
2019,2,20,28.17
2019,2,21,28.15
2019,2,22,28.15
2019,2,23,28.13
2019,2,24,28.13
2019,2,25,28.12
2019,2,26,28.1
2019,2,27,28.09
2019,2,28,28.07
2019,3,1,28.05
2019,3,2,28.04
2019,3,3,28.06
2019,3,4,28.06
2019,3,5,28.04
2019,3,6,28.01
2019,3,7,27.99
2019,3,8,27.98
2019,3,9,28.02
2019,3,10,27.99
2019,3,11,27.96
2019,3,12,27.94
2019,3,13,27.91
2019,3,14,27.9
2019,3,15,27.86
2019,3,16,27.86
2019,3,17,27.89
2019,3,18,27.89
2019,3,19,27.88
2019,3,20,27.87
2019,3,21,27.85
2019,3,22,27.85
2019,3,23,27.83
2019,3,24,27.83
2019,3,25,27.83
2019,3,26,27.82
2019,3,27,27.81
2019,3,28,27.8
2019,3,29,27.81
2019,3,30,27.8
2019,3,31,27.8
2019,4,1,27.81
2019,4,2,27.79
2019,4,3,27.8
2019,4,4,27.81
2019,4,5,27.82
2019,4,6,27.82
2019,4,7,27.82
2019,4,8,27.81
2019,4,9,27.82
2019,4,10,27.85
2019,4,11,27.85
2019,4,12,27.87
2019,4,13,27.88
2019,4,14,27.86
2019,4,15,27.86
2019,4,16,27.88
2019,4,17,27.88
2019,4,18,27.86
2019,4,19,27.77
2019,4,20,27.81
2019,4,21,27.81
2019,4,22,27.8
2019,4,23,27.8
2019,4,24,27.78
2019,4,25,27.77
2019,4,26,27.79
2019,4,27,27.78
2019,4,28,27.79
2019,4,29,27.81
2019,4,30,27.81
2019,5,1,27.81
2019,5,2,27.81
2019,5,3,27.8
2019,5,4,27.8
2019,5,5,27.77
2019,5,6,27.74
2019,5,7,27.74
2019,5,8,27.75
2019,5,9,27.73
2019,5,10,27.72
2019,5,11,27.7
2019,5,12,27.7
2019,5,13,27.7
2019,5,14,27.7
2019,5,15,27.7
2019,5,16,27.69
2019,5,17,27.7
2019,5,18,27.69
2019,5,19,27.7
2019,5,20,27.69
2019,5,21,27.7
2019,5,22,27.69
2019,5,23,27.66
2019,5,24,27.64
2019,5,25,27.72
2019,5,26,27.72
2019,5,27,27.71
2019,5,28,27.72
2019,5,29,27.71
2019,5,30,27.67
2019,5,31,27.68
2019,6,1,27.7
2019,6,2,27.73
2019,6,3,27.73
2019,6,4,27.72
2019,6,5,27.71
2019,6,6,27.73
2019,6,7,27.74
2019,6,8,27.77
2019,6,9,27.78
2019,6,10,27.75
2019,6,11,27.7
2019,6,12,27.7
2019,6,13,27.66
2019,6,14,27.65
2019,6,15,27.58
2019,6,16,27.6
2019,6,17,27.6
2019,6,18,27.58
2019,6,19,27.57
2019,6,20,27.55
2019,6,21,27.54
2019,6,22,27.53
2019,6,23,27.53
2019,6,24,27.52
2019,6,25,27.52
2019,6,26,27.51
2019,6,27,27.5
2019,6,28,27.46
2019,6,29,27.54
2019,6,30,27.56
2019,7,1,27.57
2019,7,2,27.57
2019,7,3,27.57
2019,7,4,27.58
2019,7,5,27.57
2019,7,6,27.57
2019,7,7,27.67
2019,7,8,27.67
2019,7,9,27.7
2019,7,10,27.7
2019,7,11,27.7
2019,7,12,27.72
2019,7,13,27.73
2019,7,14,27.73
2019,7,15,27.73
2019,7,16,27.73
2019,7,17,27.72
2019,7,18,27.72
2019,7,19,27.72
2019,7,20,27.7
2019,7,21,27.7
2019,7,22,27.69
2019,7,23,27.69
2019,7,24,27.67
2019,7,25,27.68
2019,7,26,27.69
2019,7,27,27.69
2019,7,28,27.73
2019,7,29,27.73
2019,7,30,27.77
2019,7,31,27.81
2019,8,1,27.82
2019,8,2,27.85
2019,8,3,27.88
2019,8,4,27.9
2019,8,5,27.91
2019,8,6,27.91
2019,8,7,27.94
2019,8,8,27.97
2019,8,9,27.98
2019,8,10,27.95
2019,8,11,28.02
2019,8,12,28.14
2019,8,13,28.44
2019,8,14,28.54
2019,8,15,28.58
2019,8,16,28.61
2019,8,17,28.62
2019,8,18,28.65
2019,8,19,28.66
2019,8,20,28.66
2019,8,21,28.64
2019,8,22,28.63
2019,8,23,28.63
2019,8,24,28.62
2019,8,25,28.62
2019,8,26,28.62
2019,8,27,28.63
2019,8,28,28.62
2019,8,29,28.61
2019,8,30,28.61
2019,8,31,28.6
2019,9,1,28.59
2019,9,2,28.57
2019,9,3,28.57
2019,9,4,28.57
2019,9,5,28.55
2019,9,6,28.54
2019,9,7,28.53
2019,9,8,28.52
2019,9,9,28.5
2019,9,10,28.48
2019,9,11,28.46
2019,9,12,28.49
2019,9,13,28.52
2019,9,14,28.55
2019,9,15,28.55
2019,9,16,28.54
2019,9,17,28.53
2019,9,18,28.51
2019,9,19,28.51
2019,9,20,28.52
2019,9,21,28.49
2019,9,22,28.47
2019,9,23,28.47
2019,9,24,28.46
2019,9,25,28.45
2019,9,26,28.45
2019,9,27,28.45
2019,9,28,28.45
2019,9,29,28.45
2019,9,30,28.44
2019,10,1,28.42
2019,10,2,28.42
2019,10,3,28.41
2019,10,4,28.39
2019,10,5,28.38
2019,10,6,28.38
2019,10,7,28.38
2019,10,8,28.37
2019,10,9,28.37
2019,10,10,28.38
2019,10,11,28.38
2019,10,12,28.37
2019,10,13,28.37
2019,10,14,28.35
2019,10,15,28.35
2019,10,16,28.35
2019,10,17,28.35
2019,10,18,28.34
2019,10,19,28.33
2019,10,20,28.33
2019,10,21,28.31
2019,10,22,28.3
2019,10,23,28.38
2019,10,24,28.37
2019,10,25,28.34
2019,10,26,28.36
2019,10,27,28.37
2019,10,28,28.36
2019,10,29,28.34
2019,10,30,28.31
2019,10,31,28.31
2019,11,1,28.28
2019,11,2,28.27
2019,11,3,28.27
2019,11,4,28.28
2019,11,5,28.27
2019,11,6,28.26
2019,11,7,28.25
2019,11,8,28.24
2019,11,9,28.24
2019,11,10,28.26
2019,11,11,28.25
2019,11,12,28.23
2019,11,13,28.21
2019,11,14,28.21
2019,11,15,28.2
2019,11,16,28.18
2019,11,17,28.18
2019,11,18,28.15
2019,11,19,28.18
2019,11,20,28.19
2019,11,21,28.18
2019,11,22,28.18
2019,11,23,28.2
2019,11,24,28.2
2019,11,25,28.18
2019,11,26,28.18
2019,11,27,28.18
2019,11,28,28.18
2019,11,29,28.17
2019,11,30,28.18
2019,12,1,28.17
2019,12,2,28.15
2019,12,3,28.14
2019,12,4,28.13
2019,12,5,28.11
2019,12,6,28.12
2019,12,7,28.12
2019,12,8,28.12
2019,12,9,28.12
2019,12,10,28.13
2019,12,11,28.1
2019,12,12,28.09
2019,12,13,28.09
2019,12,14,28.08
2019,12,15,28.07
2019,12,16,28.09
2019,12,17,28.08
2019,12,18,28.06
2019,12,19,28.07
2019,12,20,28.06
2019,12,21,28.07
2019,12,22,28.07
2019,12,23,28.06
2019,12,24,28.07
2019,12,25,28.07
2019,12,26,28.08
2019,12,27,28.07
2019,12,28,28.09
2019,12,29,28.08
2019,12,30,28.05
2019,12,31,28.05
2020,1,1,28.06
2020,1,2,28.05
2020,1,3,28.07
2020,1,4,28.07
2020,1,5,28.06
2020,1,6,28.07
2020,1,7,28.1
2020,1,8,28.1
2020,1,9,28.11
2020,1,10,28.11
2020,1,11,28.12
2020,1,12,28.13
2020,1,13,28.13
2020,1,14,28.13
2020,1,15,28.13
2020,1,16,28.12
2020,1,17,28.12
2020,1,18,28.13
2020,1,19,28.13
2020,1,20,28.13
2020,1,21,28.14
2020,1,22,28.17
2020,1,23,28.15
2020,1,24,28.15
2020,1,25,28.18
2020,1,26,28.2
2020,1,27,28.23
2020,1,28,28.22
2020,1,29,28.23
2020,1,30,28.23
2020,1,31,28.23
2020,2,1,28.22
2020,2,2,28.23
2020,2,3,28.23
2020,2,4,28.25
2020,2,5,28.23
2020,2,6,28.25
2020,2,7,28.25
2020,2,8,28.25
2020,2,9,28.26
2020,2,10,28.28
2020,2,11,28.28
2020,2,12,28.26
2020,2,13,28.26
2020,2,14,28.24
2020,2,15,28.23
2020,2,16,28.22
2020,2,17,28.21
2020,2,18,28.22
2020,2,19,28.23
2020,2,20,28.21
2020,2,21,28.2
2020,2,22,28.22
2020,2,23,28.22
2020,2,24,28.22
2020,2,25,28.23
2020,2,26,28.22
2020,2,27,28.22
2020,2,28,28.23
2020,2,29,28.24
2020,3,1,28.23
2020,3,2,28.22
2020,3,3,28.23
2020,3,4,28.21
2020,3,5,28.21
2020,3,6,28.23
2020,3,7,28.21
2020,3,8,28.18
2020,3,9,28.14
2020,3,10,28.12
2020,3,11,28.12
2020,3,12,28.1
2020,3,13,28.07
2020,3,14,28.04
2020,3,15,28.02
2020,3,16,27.99
2020,3,17,27.98
2020,3,18,27.94
2020,3,19,27.9
2020,3,20,27.93
2020,3,21,27.91
2020,3,22,27.88
2020,3,23,27.85
2020,3,24,27.86
2020,3,25,27.82
2020,3,26,27.81
2020,3,27,27.83
2020,3,28,27.85
2020,3,29,27.83
2020,3,30,27.81
2020,3,31,27.81
2020,4,1,27.78
2020,4,2,27.77
2020,4,3,27.77
2020,4,4,27.77
2020,4,5,27.76
2020,4,6,27.77
2020,4,7,27.72
2020,4,8,27.73
2020,4,9,27.73
2020,4,10,27.76
2020,4,11,27.78
2020,4,12,27.81
2020,4,13,27.81
2020,4,14,27.8
2020,4,15,27.78
2020,4,16,27.81
2020,4,17,27.81
2020,4,18,27.8
2020,4,19,27.81
2020,4,20,27.82
2020,4,21,27.81
2020,4,22,27.81
2020,4,23,27.79
2020,4,24,27.82
2020,4,25,27.81
2020,4,26,27.8
2020,4,27,27.77
2020,4,28,27.75
2020,4,29,27.74
2020,4,30,27.73
2020,5,1,27.7
2020,5,2,27.7
2020,5,3,27.67
2020,5,4,27.65
2020,5,5,27.65
2020,5,6,27.65
2020,5,7,27.65
2020,5,8,27.68
2020,5,9,27.72
2020,5,10,27.7
2020,5,11,27.73
2020,5,12,27.75
2020,5,13,27.76
2020,5,14,27.77
2020,5,15,27.77
2020,5,16,27.77
2020,5,17,27.74
2020,5,18,27.75
2020,5,19,27.73
2020,5,20,27.74
2020,5,21,27.72
2020,5,22,27.73
2020,5,23,27.73
2020,5,24,27.73
2020,5,25,27.73
2020,5,26,27.72
2020,5,27,27.7
2020,5,28,27.68
2020,5,29,27.7
2020,5,30,27.68
2020,5,31,27.68
2020,6,1,27.67
2020,6,2,27.61
2020,6,3,27.61
2020,6,4,27.61
2020,6,5,27.64
2020,6,6,27.62
2020,6,7,27.59
2020,6,8,27.59
2020,6,9,27.57
2020,6,10,27.59
2020,6,11,27.52
2020,6,12,27.51
2020,6,13,27.5
2020,6,14,27.46
2020,6,15,27.42
2020,6,16,27.41
2020,6,17,27.43
2020,6,18,27.43
2020,6,19,27.45
2020,6,20,27.44
2020,6,21,27.44
2020,6,22,27.44
2020,6,23,27.45
2020,6,24,27.45
2020,6,25,27.46
2020,6,26,27.5
2020,6,27,27.55
2020,6,28,27.54
2020,6,29,27.56
2020,6,30,27.57
2020,7,1,27.62
2020,7,2,27.63
2020,7,3,27.66
2020,7,4,27.64
2020,7,5,27.66
2020,7,6,27.67
2020,7,7,27.64
2020,7,8,27.67
2020,7,9,27.67
2020,7,10,27.69
2020,7,11,27.68
2020,7,12,27.69
2020,7,13,27.72
2020,7,14,27.72
2020,7,15,27.7
2020,7,16,27.72
2020,7,17,27.81
2020,7,18,27.81
2020,7,19,27.83
2020,7,20,27.84
2020,7,21,27.83
2020,7,22,27.83
2020,7,23,27.83
2020,7,24,27.81
2020,7,25,27.81
2020,7,26,27.81
2020,7,27,27.8
2020,7,28,27.8
2020,7,29,27.79
2020,7,30,27.8
2020,7,31,27.78
2020,8,1,27.76
2020,8,2,27.84
2020,8,3,27.88
2020,8,4,27.83
2020,8,5,27.88
2020,8,6,27.87
2020,8,7,27.91
2020,8,8,27.96
2020,8,9,27.97
2020,8,10,27.96
2020,8,11,27.95
2020,8,12,27.93
2020,8,13,27.96
2020,8,14,28.08
2020,8,15,28.08
2020,8,16,28.14
2020,8,17,28.19
2020,8,18,28.19
2020,8,19,28.2
2020,8,20,28.21
2020,8,21,28.23
2020,8,22,28.24
2020,8,23,28.25
2020,8,24,28.26
2020,8,25,28.25
2020,8,26,28.27
2020,8,27,28.29
2020,8,28,28.29
2020,8,29,28.28
2020,8,30,28.29
2020,8,31,28.29
2020,9,1,28.29
2020,9,2,28.28
2020,9,3,28.28
2020,9,4,28.28
2020,9,5,28.28
2020,9,6,28.25
2020,9,7,28.25
2020,9,8,28.22
2020,9,9,28.22
2020,9,10,28.22
2020,9,11,28.2
2020,9,12,28.2
2020,9,13,28.2
2020,9,14,28.21
2020,9,15,28.21
2020,9,16,28.22
2020,9,17,28.21
2020,9,18,28.21
2020,9,19,28.2
2020,9,20,28.18
2020,9,21,28.17
2020,9,22,28.15
2020,9,23,28.15
2020,9,24,28.17
2020,9,25,28.18
2020,9,26,28.19
2020,9,27,28.18
2020,9,28,28.2
2020,9,29,28.2
2020,9,30,28.19
2020,10,1,28.2
2020,10,2,28.21
2020,10,3,28.22
2020,10,4,28.21
2020,10,5,28.21
2020,10,6,28.2
2020,10,7,28.18
2020,10,8,28.16
2020,10,9,28.14
2020,10,10,28.13
2020,10,11,28.13
2020,10,12,28.11
2020,10,13,28.13
2020,10,14,28.09
2020,10,15,28.11
2020,10,16,28.12
2020,10,17,28.1
2020,10,18,28.1
2020,10,19,28.09
2020,10,20,28.07
2020,10,21,28.07
2020,10,22,28.05
2020,10,23,28.09
2020,10,24,28.09
2020,10,25,28.09
2020,10,26,28.07
2020,10,27,28.05
2020,10,28,28.04
2020,10,29,28.04
2020,10,30,28.04
2020,10,31,28.05
2020,11,1,28.04
2020,11,2,28.01
2020,11,3,28.01
2020,11,4,28.02
2020,11,5,28.01
2020,11,6,28
2020,11,7,27.97
2020,11,8,27.95
2020,11,9,27.96
2020,11,10,27.95
2020,11,11,27.95
2020,11,12,27.94
2020,11,13,27.92
2020,11,14,27.91
2020,11,15,27.93
2020,11,16,27.9
2020,11,17,27.92
2020,11,18,27.96
2020,11,19,27.98
2020,11,20,27.98
2020,11,21,27.98
2020,11,22,27.98
2020,11,23,27.99
2020,11,24,28.01
2020,11,25,28.02
2020,11,26,28.04
2020,11,27,28.04
2020,11,28,28.05
2020,11,29,28.05
2020,11,30,28.06
2020,12,1,28.07
2020,12,2,28.07
2020,12,3,28.08
2020,12,4,28.09
2020,12,5,28.09
2020,12,6,28.09
2020,12,7,28.09
2020,12,8,28.11
2020,12,9,28.12
2020,12,10,28.13
2020,12,11,28.13
2020,12,12,28.15
2020,12,13,28.15
2020,12,14,28.14
2020,12,15,28.16
2020,12,16,28.13
2020,12,17,28.15
2020,12,18,28.13
2020,12,19,28.13
2020,12,20,28.14
2020,12,21,28.15
2020,12,22,28.16
2020,12,23,28.16
2020,12,24,28.15
2020,12,25,28.16
2020,12,26,28.17
2020,12,27,28.16
2020,12,28,28.15
2020,12,29,28.14
2020,12,30,28.14
2020,12,31,28.15
2021,1,1,28.14
2021,1,2,28.15
2021,1,3,28.13
2021,1,4,28.13
2021,1,5,28.07
2021,1,6,28.07
2021,1,7,28.06
2021,1,8,28.07
2021,1,9,28.05
2021,1,10,28.05
2021,1,11,28.05
2021,1,12,28.06
2021,1,13,28.08
2021,1,14,28.1
2021,1,15,28.07
2021,1,16,28.06
2021,1,17,28.06
2021,1,18,28.08
2021,1,19,28.07
2021,1,20,28.07
2021,1,21,28.07
2021,1,22,28.07
2021,1,23,28.08
2021,1,24,28.07
2021,1,25,28.08
2021,1,26,28.09
2021,1,27,28.1
2021,1,28,28.09
2021,1,29,28.1
2021,1,30,28.09
2021,1,31,28.1
2021,2,1,28.09
2021,2,2,28.09
2021,2,3,28.09
2021,2,4,28.07
2021,2,5,28.09
2021,2,6,28.09
2021,2,7,28.07
2021,2,8,28.08
2021,2,9,28.09
2021,2,10,28.09
2021,2,11,28.09
2021,2,12,28.09
2021,2,13,28.12
2021,2,14,28.13
2021,2,15,28.13
2021,2,16,28.13
2021,2,17,28.12
2021,2,18,28.1
2021,2,19,28.12
2021,2,20,28.1
2021,2,21,28.09
2021,2,22,28.05
2021,2,23,28.05
2021,2,24,28.03
2021,2,25,28.02
2021,2,26,28.02
2021,2,27,28.04
2021,2,28,28.02
2021,3,1,28.04
2021,3,2,28.05
2021,3,3,28.05
2021,3,4,28.05
2021,3,5,28.05
2021,3,6,28.02
2021,3,7,28.03
2021,3,8,28.02
2021,3,9,28.02
2021,3,10,28.01
2021,3,11,28.01
2021,3,12,28.01
2021,3,13,27.99
2021,3,14,28
2021,3,15,28.01
2021,3,16,27.98
2021,3,17,27.97
2021,3,18,27.96
2021,3,19,27.96
2021,3,20,27.96
2021,3,21,27.93
2021,3,22,27.93
2021,3,23,27.92
2021,3,24,27.9
2021,3,25,27.86
2021,3,26,27.86
2021,3,27,27.86
2021,3,28,27.87
2021,3,29,27.84
2021,3,30,27.86
2021,3,31,27.85
2021,4,1,27.83
2021,4,2,27.81
2021,4,3,27.83
2021,4,4,27.86
2021,4,5,27.88
2021,4,6,27.86
2021,4,7,27.85
2021,4,8,27.85
2021,4,9,27.85
2021,4,10,27.82
2021,4,11,27.81
2021,4,12,27.81
2021,4,13,27.8
2021,4,14,27.8
2021,4,15,27.8
2021,4,16,27.77
2021,4,17,27.77
2021,4,18,27.75
2021,4,19,27.75
2021,4,20,27.73
2021,4,21,27.73
2021,4,22,27.77
2021,4,23,27.81
2021,4,24,27.82
2021,4,25,27.81
2021,4,26,27.85
2021,4,27,27.86
2021,4,28,27.86
2021,4,29,27.89
2021,4,30,27.9
2021,5,1,27.85
2021,5,2,27.88
2021,5,3,27.9
2021,5,4,27.9
2021,5,5,27.87
2021,5,6,27.85
2021,5,7,27.83
2021,5,8,27.86
2021,5,9,27.78
2021,5,10,27.78
2021,5,11,27.77
2021,5,12,27.74
2021,5,13,27.72
2021,5,14,27.75
2021,5,15,27.76
2021,5,16,27.74
2021,5,17,27.77
2021,5,18,27.79
2021,5,19,27.77
2021,5,20,27.75
2021,5,21,27.75
2021,5,22,27.77
2021,5,23,27.76
2021,5,24,27.77
2021,5,25,27.8
2021,5,26,27.81
2021,5,27,27.8
2021,5,28,27.78
2021,5,29,27.8
2021,5,30,27.8
2021,5,31,27.77
2021,6,1,27.76
2021,6,2,27.79
2021,6,3,27.8
2021,6,4,27.81
2021,6,5,27.82
2021,6,6,27.81
2021,6,7,27.8
2021,6,8,27.83
2021,6,9,27.8
2021,6,10,27.77
2021,6,11,27.78
2021,6,12,27.77
2021,6,13,27.72
2021,6,14,27.77
2021,6,15,27.74
2021,6,16,27.8
2021,6,17,27.79
2021,6,18,27.82
2021,6,19,27.81
2021,6,20,27.85
2021,6,21,27.78
2021,6,22,27.82
2021,6,23,27.81
2021,6,24,27.8
2021,6,25,27.78
2021,6,26,27.77
2021,6,27,27.75
2021,6,28,27.75
2021,6,29,27.74
2021,6,30,27.77
2021,7,1,27.79
2021,7,2,27.82
2021,7,3,27.83
2021,7,4,27.81
2021,7,5,27.81
2021,7,6,27.83
2021,7,7,27.85
2021,7,8,27.82
2021,7,9,27.79
2021,7,10,27.81
2021,7,11,27.79
2021,7,12,27.89
2021,7,13,28.14
2021,7,14,28.19
2021,7,15,28.19
2021,7,16,28.26
2021,7,17,28.36
2021,7,18,28.38
2021,7,19,28.39
2021,7,20,28.38
2021,7,21,28.38
2021,7,22,28.39
2021,7,23,28.38
2021,7,24,28.39
2021,7,25,28.41
2021,7,26,28.41
2021,7,27,28.41
2021,7,28,28.42
2021,7,29,28.55
2021,7,30,28.8
2021,7,31,28.89
2021,8,1,28.9
2021,8,2,28.94
2021,8,3,28.94
2021,8,4,28.94
2021,8,5,28.95
2021,8,6,28.95
2021,8,7,28.95
2021,8,8,28.95
2021,8,9,28.94
2021,8,10,28.93
2021,8,11,28.93
2021,8,12,28.92
2021,8,13,28.91
2021,8,14,28.89
2021,8,15,28.86
2021,8,16,28.84
2021,8,17,28.82
2021,8,18,28.8
2021,8,19,28.79
2021,8,20,28.78
2021,8,21,28.82
2021,8,22,28.82
2021,8,23,28.82
2021,8,24,28.82
2021,8,25,28.79
2021,8,26,28.77
2021,8,27,28.75
2021,8,28,28.73
2021,8,29,28.73
2021,8,30,28.76
2021,8,31,28.78
2021,9,1,28.9
2021,9,2,28.94
2021,9,3,28.94
2021,9,4,28.94
2021,9,5,28.97
2021,9,6,28.99
2021,9,7,29.01
2021,9,8,29.01
2021,9,9,29.01
2021,9,10,29.01
2021,9,11,29.01
2021,9,12,28.99
2021,9,13,28.97
2021,9,14,28.95
2021,9,15,28.96
2021,9,16,28.96
2021,9,17,28.96
2021,9,18,28.95
2021,9,19,28.98
2021,9,20,29.17
2021,9,21,29.25
2021,9,22,29.27
2021,9,23,29.3
2021,9,24,29.34
2021,9,25,29.37
2021,9,26,29.46
2021,9,27,29.61
2021,9,28,29.68
2021,9,29,29.74
2021,9,30,29.77
2021,10,1,29.8
2021,10,2,29.83
2021,10,3,29.86
2021,10,4,29.88
2021,10,5,29.92
2021,10,6,29.97
2021,10,7,30.04
2021,10,8,30.08
2021,10,9,30.1
2021,10,10,30.11
2021,10,11,30.12
2021,10,12,30.13
2021,10,13,30.13
2021,10,14,30.15
2021,10,15,30.17
2021,10,16,30.15
2021,10,17,30.16
2021,10,18,30.18
2021,10,19,30.17
2021,10,20,30.17
2021,10,21,30.17
2021,10,22,30.15
2021,10,23,30.15
2021,10,24,30.13
2021,10,25,30.13
2021,10,26,30.12
2021,10,27,30.09
2021,10,28,30.05
2021,10,29,30.04
2021,10,30,30.03
2021,10,31,30.02
2021,11,1,30.01
2021,11,2,30.01
2021,11,3,30.01
2021,11,4,30.01
2021,11,5,29.99
2021,11,6,29.97
2021,11,7,29.96
2021,11,8,29.99
2021,11,9,29.99
2021,11,10,30.01
2021,11,11,30.01
2021,11,12,30.01
2021,11,13,30.02
2021,11,14,30.02
2021,11,15,30.01
2021,11,16,30.01
2021,11,17,30.02
2021,11,18,30.03
2021,11,19,30.01
2021,11,20,29.99
2021,11,21,30
2021,11,22,29.97
2021,11,23,29.96
2021,11,24,29.96
2021,11,25,29.94
2021,11,26,29.91
2021,11,27,29.89
2021,11,28,29.9
2021,11,29,29.9
2021,11,30,29.91
2021,12,1,29.91
2021,12,2,29.93
2021,12,3,29.93
2021,12,4,29.92
2021,12,5,29.92
2021,12,6,29.92
2021,12,7,29.9
2021,12,8,29.89
2021,12,9,29.89
2021,12,10,29.88
2021,12,11,29.87
2021,12,12,29.85
2021,12,13,29.86
2021,12,14,29.88
2021,12,15,29.87
2021,12,16,29.86
2021,12,17,29.84
2021,12,18,29.85
2021,12,19,29.85
2021,12,20,29.83
2021,12,21,29.81
2021,12,22,29.8
2021,12,23,29.78
2021,12,24,29.77
2021,12,25,29.75
2021,12,26,29.74
2021,12,27,29.73
2021,12,28,29.73
2021,12,29,29.72
2021,12,30,29.71
2021,12,31,29.69
2022,1,1,29.7
2022,1,2,29.67
2022,1,3,29.69
2022,1,4,29.66
2022,1,5,29.65
2022,1,6,29.63
2022,1,7,29.62
2022,1,8,29.62
2022,1,9,29.61
2022,1,10,29.59
2022,1,11,29.58
2022,1,12,29.58
2022,1,13,29.57
2022,1,14,29.57
2022,1,15,29.58
2022,1,16,29.54
2022,1,17,29.54
2022,1,18,29.54
2022,1,19,29.53
2022,1,20,29.52
2022,1,21,29.52
2022,1,22,29.52
2022,1,23,29.51
2022,1,24,29.49
2022,1,25,29.49
2022,1,26,29.49
2022,1,27,29.49
2022,1,28,29.49
2022,1,29,29.5
2022,1,30,29.5
2022,1,31,29.5
2022,2,1,29.49
2022,2,2,29.52
2022,2,3,29.53
2022,2,4,29.52
2022,2,5,29.5
2022,2,6,29.5
2022,2,7,29.49
2022,2,8,29.47
2022,2,9,29.46
2022,2,10,29.46
2022,2,11,29.46
2022,2,12,29.45
2022,2,13,29.44
2022,2,14,29.43
2022,2,15,29.42
2022,2,16,29.41
2022,2,17,29.4
2022,2,18,29.4
2022,2,19,29.35
2022,2,20,29.35
2022,2,21,29.33
2022,2,22,29.31
2022,2,23,29.3
2022,2,24,29.3
2022,2,25,29.3
2022,2,26,29.29
2022,2,27,29.28
2022,2,28,29.27
2022,3,1,29.25
2022,3,2,29.25
2022,3,3,29.24
2022,3,4,29.23
2022,3,5,29.18
2022,3,6,29.17
2022,3,7,29.16
2022,3,8,29.14
2022,3,9,29.13
2022,3,10,29.11
2022,3,11,29.1
2022,3,12,29.09
2022,3,13,29.09
2022,3,14,29.08
2022,3,15,29.07
2022,3,16,29.05
2022,3,17,29.03
2022,3,18,29.03
2022,3,19,29.03
2022,3,20,29.02
2022,3,21,29.01
2022,3,22,29
2022,3,23,29.01
2022,3,24,29.01
2022,3,25,29.01
2022,3,26,29.04
2022,3,27,29.03
2022,3,28,29.04
2022,3,29,29.05
2022,3,30,29.06
2022,3,31,29.06
2022,4,1,29.06
2022,4,2,29.08
2022,4,3,29.08
2022,4,4,29.08
2022,4,5,29.08
2022,4,6,29.07
2022,4,7,29.07
2022,4,8,29.07
2022,4,9,29.08
2022,4,10,29.06
2022,4,11,29.05
2022,4,12,29.03
2022,4,13,29.05
2022,4,14,29.05
2022,4,15,29.05
2022,4,16,29.05
2022,4,17,29.05
2022,4,18,29.05
2022,4,19,29.02
2022,4,20,29.02
2022,4,21,29.01
2022,4,22,28.98
2022,4,23,28.97
2022,4,24,28.95
2022,4,25,28.94
2022,4,26,28.92
2022,4,27,28.89
2022,4,28,28.89
2022,4,29,28.89
2022,4,30,28.89
2022,5,1,28.89
2022,5,2,28.88
2022,5,3,28.85
2022,5,4,28.85
2022,5,5,28.82
2022,5,6,28.8
2022,5,7,28.77
2022,5,8,28.77
2022,5,9,28.79
2022,5,10,28.81
2022,5,11,28.8
2022,5,12,28.81
2022,5,13,28.81
2022,5,14,28.81
2022,5,15,28.79
2022,5,16,28.79
2022,5,17,28.77
2022,5,18,28.75
2022,5,19,28.74
2022,5,20,28.72
2022,5,21,28.71
2022,5,22,28.7
2022,5,23,28.69
2022,5,24,28.66
2022,5,25,28.66
2022,5,26,28.66
2022,5,27,28.65
2022,5,28,28.63
2022,5,29,28.63
2022,5,30,28.61
2022,5,31,28.61
2022,6,1,28.59
2022,6,2,28.57
2022,6,3,28.55
2022,6,4,28.54
2022,6,5,28.53
2022,6,6,28.51
2022,6,7,28.48
2022,6,8,28.46
2022,6,9,28.44
2022,6,10,28.41
2022,6,11,28.41
2022,6,12,28.38
2022,6,13,28.36
2022,6,14,28.37
2022,6,15,28.37
2022,6,16,28.36
2022,6,17,28.36
2022,6,18,28.34
2022,6,19,28.31
2022,6,20,28.29
2022,6,21,28.26
2022,6,22,28.23
2022,6,23,28.25
2022,6,24,28.29
2022,6,25,28.31
2022,6,26,28.33
2022,6,27,28.34
2022,6,28,28.38
2022,6,29,28.4
2022,6,30,28.42
2022,7,1,28.43
2022,7,2,28.44
2022,7,3,28.44
2022,7,4,28.45
2022,7,5,28.45
2022,7,6,28.45
2022,7,7,28.57
2022,7,8,28.58
2022,7,9,28.59
2022,7,10,28.59
2022,7,11,28.62
2022,7,12,28.63
2022,7,13,28.85
2022,7,14,28.93
2022,7,15,28.98
2022,7,16,29.01
2022,7,17,29.05
2022,7,18,29.09
2022,7,19,29.08
2022,7,20,29.07
2022,7,21,29.09
2022,7,22,29.09
2022,7,23,29.13
2022,7,24,29.19
2022,7,25,29.23
2022,7,26,29.25
2022,7,27,29.26
2022,7,28,29.26
2022,7,29,29.29
2022,7,30,29.32
2022,7,31,29.38
2022,8,1,29.39
2022,8,2,29.38
2022,8,3,29.41
2022,8,4,29.41
2022,8,5,29.41
2022,8,6,29.4
2022,8,7,29.39
2022,8,8,29.38
2022,8,9,29.38
2022,8,10,29.54
2022,8,11,29.66
2022,8,12,29.7
2022,8,13,29.73
2022,8,14,29.78
2022,8,15,29.8
2022,8,16,29.78
2022,8,17,29.77
2022,8,18,29.76
2022,8,19,29.78
2022,8,20,29.78
2022,8,21,29.81
2022,8,22,29.83
2022,8,23,29.81
2022,8,24,29.82
2022,8,25,29.82
2022,8,26,29.82
2022,8,27,29.82
2022,8,28,29.83
2022,8,29,29.86
2022,8,30,29.89
2022,8,31,29.89
2022,9,1,29.88
2022,9,2,29.86
2022,9,3,29.87
2022,9,4,29.87
2022,9,5,29.86
2022,9,6,29.86
2022,9,7,29.83
2022,9,8,29.83
2022,9,9,29.83
2022,9,10,29.84
2022,9,11,29.85
2022,9,12,29.84
2022,9,13,29.81
2022,9,14,29.8
2022,9,15,29.78
2022,9,16,29.8
2022,9,17,29.76
2022,9,18,29.75
2022,9,19,29.72
2022,9,20,29.7
2022,9,21,29.7
2022,9,22,29.73
2022,9,23,29.69
2022,9,24,29.69
2022,9,25,29.69
2022,9,26,29.67
2022,9,27,29.66
2022,9,28,29.66
2022,9,29,29.65
2022,9,30,29.64
2022,10,1,29.62
2022,10,2,29.76
2022,10,3,29.9
2022,10,4,30.13
2022,10,5,30.22
2022,10,6,30.25
2022,10,7,30.25
2022,10,8,30.25
2022,10,9,30.25
2022,10,10,30.26
2022,10,11,30.27
2022,10,12,30.17
2022,10,13,30.17
2022,10,14,30.16
2022,10,15,30.16
2022,10,16,30.14
2022,10,17,30.12
2022,10,18,30.12
2022,10,19,30.12
2022,10,20,30.1
2022,10,21,30.11
2022,10,22,30.1
2022,10,23,30.09
2022,10,24,30.07
2022,10,25,30.06
2022,10,26,30.05
2022,10,27,30.03
2022,10,28,30.02
2022,10,29,30
2022,10,30,29.99
2022,10,31,29.97
2022,11,1,29.94
2022,11,2,29.94
2022,11,3,29.92
2022,11,4,29.91
2022,11,5,29.89
2022,11,6,29.89
2022,11,7,29.88
2022,11,8,29.86
2022,11,9,29.85
2022,11,10,29.83
2022,11,11,29.93
2022,11,12,29.93
2022,11,13,29.91
2022,11,14,29.9
2022,11,15,29.86
2022,11,16,29.85
2022,11,17,29.83
2022,11,18,29.82
2022,11,19,29.83
2022,11,20,29.82
2022,11,21,29.81
2022,11,22,29.8
2022,11,23,29.77
2022,11,24,29.75
2022,11,25,29.74
2022,11,26,29.69
2022,11,27,29.7
2022,11,28,29.69
2022,11,29,29.64
2022,11,30,29.62
2022,12,1,29.71
2022,12,2,29.74
2022,12,3,29.75
2022,12,4,29.75
2022,12,5,29.77
2022,12,6,29.77
2022,12,7,29.75
2022,12,8,29.75
2022,12,9,29.74
2022,12,10,29.73
2022,12,11,29.72
2022,12,12,29.72
2022,12,13,29.7
2022,12,14,29.68
2022,12,15,29.69
2022,12,16,29.66
2022,12,17,29.64
2022,12,18,29.66
2022,12,19,29.66
2022,12,20,29.66
2022,12,21,29.66
2022,12,22,29.65
2022,12,23,29.65
2022,12,24,29.64
2022,12,25,29.63
2022,12,26,29.62
2022,12,27,29.59
2022,12,28,29.58
2022,12,29,29.57
2022,12,30,29.56
2022,12,31,29.56
2023,1,1,29.54
2023,1,2,29.54
2023,1,3,29.54
2023,1,4,29.54
2023,1,5,29.53
2023,1,6,29.53
2023,1,7,29.51
2023,1,8,29.51
2023,1,9,29.49
2023,1,10,29.46
2023,1,11,29.46
2023,1,12,29.45
2023,1,13,29.43
2023,1,14,29.4
2023,1,15,29.38
2023,1,16,29.38
2023,1,17,29.37
2023,1,18,29.37
2023,1,19,29.38
2023,1,20,29.35
2023,1,21,29.37
2023,1,22,29.37
2023,1,23,29.37
2023,1,24,29.34
2023,1,25,29.36
2023,1,26,29.35
2023,1,27,29.32
2023,1,28,29.3
2023,1,29,29.29
2023,1,30,29.27
2023,1,31,29.27
2023,2,1,29.25
2023,2,2,29.24
2023,2,3,29.25
2023,2,4,29.24
2023,2,5,29.23
2023,2,6,29.21
2023,2,7,29.21
2023,2,8,29.19
2023,2,9,29.19
2023,2,10,29.19
2023,2,11,29.19
2023,2,12,29.19
2023,2,13,29.17
2023,2,14,29.17
2023,2,15,29.16
2023,2,16,29.16
2023,2,17,29.16
2023,2,18,29.17
2023,2,19,29.14
2023,2,20,29.13
2023,2,21,29.11
2023,2,22,29.12
2023,2,23,29.11
2023,2,24,29.09
2023,2,25,29.09
2023,2,26,29.06
2023,2,27,29.06
2023,2,28,29.05
2023,3,1,29.04
2023,3,2,29.02
2023,3,3,29.02
2023,3,4,29
2023,3,5,28.98
2023,3,6,28.97
2023,3,7,28.94
2023,3,8,28.93
2023,3,9,28.92
2023,3,10,28.89
2023,3,11,28.86
2023,3,12,28.84
2023,3,13,28.85
2023,3,14,28.85
2023,3,15,28.82
2023,3,16,28.81
2023,3,17,28.81
2023,3,18,28.79
2023,3,19,28.78
2023,3,20,28.78
2023,3,21,28.78
2023,3,22,28.77
2023,3,23,28.75
2023,3,24,28.73
2023,3,25,28.73
2023,3,26,28.73
2023,3,27,28.71
2023,3,28,28.7
2023,3,29,28.69
2023,3,30,28.69
2023,3,31,28.68
2023,4,1,28.68
2023,4,2,28.68
2023,4,3,28.68
2023,4,4,28.69
2023,4,5,28.73
2023,4,6,28.74
2023,4,7,28.74
2023,4,8,28.75
2023,4,9,28.77
2023,4,10,28.77
2023,4,11,28.74
2023,4,12,28.73
2023,4,13,28.73
2023,4,14,28.73
2023,4,15,28.71
